catalog_code,internal_sku,product_name_en,product_name_ar,line,category,pack_size,image_file,ean_gtin_barcode,origin_and_compliance_on_catalog,uae_product_registration,wholesale_price_uae,retail_price_uae
"LSK-FCG-01","LW-FC-201","Oily & Sensitive Skin Cleanser Gel","غسول البشرة الدهنية والحساسة","Cleansing · تنظيف","face","250 ml (8.45 fl.oz)","LOWES Brand Kit/assets/products_web/fcg01.png","غير موجود في ملفات المشروع (التصميم غير قابل للقراءة آلياً أو غير موجود) — يُتحقق من العبوة","Made in Türkiye · EU 1223/2009 (مذكوران بالكتالوج)","أكدت الإدارة أن التسجيل مكتمل؛ إثبات التسجيل لم يُعثر عليه في ملفات المشروع","غير معتمد للإمارات — لا يُدرج","غير معتمد للإمارات — لا يُدرج"
"LSK-FCG-02","LW-FC-202","Normal & Dry Skin Cleanser Gel","غسول البشرة العادية والجافة","Cleansing · تنظيف","face","250 ml (8.45 fl.oz)","LOWES Brand Kit/assets/products_web/fcg02.png","غير موجود في ملفات المشروع (التصميم غير قابل للقراءة آلياً أو غير موجود) — يُتحقق من العبوة","Made in Türkiye · EU 1223/2009 (مذكوران بالكتالوج)","أكدت الإدارة أن التسجيل مكتمل؛ إثبات التسجيل لم يُعثر عليه في ملفات المشروع","غير معتمد للإمارات — لا يُدرج","غير معتمد للإمارات — لا يُدرج"
"LSK-TNR-01","LW-FC-203","Pore Tightening & Purifying Toner","تونر تنقية المسام","Toning · تنقية","face","250 ml (8.45 fl.oz)","LOWES Brand Kit/assets/products_web/tnr01.png","8684149133717 (Pore Tightening Toner تفاصيل المنتج.pdf) — من تصميم العبوة؛ ترخيص GS1 والطباعة الحالية يُتحقق منهما","Made in Türkiye · EU 1223/2009 (مذكوران بالكتالوج)","أكدت الإدارة أن التسجيل مكتمل؛ إثبات التسجيل لم يُعثر عليه في ملفات المشروع","غير معتمد للإمارات — لا يُدرج","غير معتمد للإمارات — لا يُدرج"
"LSK-PEL-01","LW-FC-204","Facial Peeling Gel","جل التقشير","Exfoliation · تقشير","face","100 ml (3.38 fl.oz)","LOWES Brand Kit/assets/products_web/pel01.png","غير موجود في ملفات المشروع (التصميم غير قابل للقراءة آلياً أو غير موجود) — يُتحقق من العبوة","Made in Türkiye · EU 1223/2009 (مذكوران بالكتالوج)","أكدت الإدارة أن التسجيل مكتمل؛ إثبات التسجيل لم يُعثر عليه في ملفات المشروع","غير معتمد للإمارات — لا يُدرج","غير معتمد للإمارات — لا يُدرج"
"LSK-SER-01","LW-SR-101","Vitamin C Serum","سيروم فيتامين سي","Brightening · إشراق","serum","30 ml (1.00 fl.oz)","LOWES Brand Kit/assets/products_web/ser01.png","8684272100419 (Vitamin C Serum - Box.pdf) — من تصميم العبوة؛ ترخيص GS1 والطباعة الحالية يُتحقق منهما","Made in Türkiye · EU 1223/2009 (مذكوران بالكتالوج)","أكدت الإدارة أن التسجيل مكتمل؛ إثبات التسجيل لم يُعثر عليه في ملفات المشروع","غير معتمد للإمارات — لا يُدرج","غير معتمد للإمارات — لا يُدرج"
"LSK-SER-02","LW-SR-102","Retinol Serum 1%","سيروم الريتينول","Anti-Aging · مكافحة الشيخوخة","serum","30 ml (1.00 fl.oz)","LOWES Brand Kit/assets/products_web/ser02.png","غير موجود في ملفات المشروع (التصميم غير قابل للقراءة آلياً أو غير موجود) — يُتحقق من العبوة","Made in Türkiye · EU 1223/2009 (مذكوران بالكتالوج)","أكدت الإدارة أن التسجيل مكتمل؛ إثبات التسجيل لم يُعثر عليه في ملفات المشروع","غير معتمد للإمارات — لا يُدرج","غير معتمد للإمارات — لا يُدرج"
"LSK-SER-03","LW-SR-103","Dark Spot Corrector Serum","سيروم تصحيح البقع","Dark Spots · تصحيح البقع","serum","30 ml (1.00 fl.oz)","LOWES Brand Kit/assets/products_web/ser03.png","غير موجود في ملفات المشروع (التصميم غير قابل للقراءة آلياً أو غير موجود) — يُتحقق من العبوة","Made in Türkiye · EU 1223/2009 (مذكوران بالكتالوج)","أكدت الإدارة أن التسجيل مكتمل؛ إثبات التسجيل لم يُعثر عليه في ملفات المشروع","غير معتمد للإمارات — لا يُدرج","غير معتمد للإمارات — لا يُدرج"
"LSK-SER-04","LW-SR-104","Intensive Hydration Serum","سيروم الترطيب المكثّف","Hydration · ترطيب","serum","30 ml (1.00 fl.oz)","LOWES Brand Kit/assets/products_web/ser04.png","غير موجود في ملفات المشروع (التصميم غير قابل للقراءة آلياً أو غير موجود) — يُتحقق من العبوة","Made in Türkiye · EU 1223/2009 (مذكوران بالكتالوج)","أكدت الإدارة أن التسجيل مكتمل؛ إثبات التسجيل لم يُعثر عليه في ملفات المشروع","غير معتمد للإمارات — لا يُدرج","غير معتمد للإمارات — لا يُدرج"
"LSK-SER-05","LW-SR-105","Collagen Serum","سيروم الكولاجين","Firming · نضارة وشدّ","serum","30 ml (1.00 fl.oz)","LOWES Brand Kit/assets/products_web/ser05.png","غير موجود في ملفات المشروع (التصميم غير قابل للقراءة آلياً أو غير موجود) — يُتحقق من العبوة","Made in Türkiye · EU 1223/2009 (مذكوران بالكتالوج)","أكدت الإدارة أن التسجيل مكتمل؛ إثبات التسجيل لم يُعثر عليه في ملفات المشروع","غير معتمد للإمارات — لا يُدرج","غير معتمد للإمارات — لا يُدرج"
"LSK-SER-06","LW-SR-106","Under Eye Serum","سيروم الهالات وانتفاخ العين","Eye Care · العناية بالعين","serum","30 ml (1.00 fl.oz)","LOWES Brand Kit/assets/products_web/ser06.png","غير موجود في ملفات المشروع (التصميم غير قابل للقراءة آلياً أو غير موجود) — يُتحقق من العبوة","Made in Türkiye · EU 1223/2009 (مذكوران بالكتالوج)","أكدت الإدارة أن التسجيل مكتمل؛ إثبات التسجيل لم يُعثر عليه في ملفات المشروع","غير معتمد للإمارات — لا يُدرج","غير معتمد للإمارات — لا يُدرج"
"LSK-SER-07","LW-SR-107","Anti-Acne Serum","سيروم مضاد لحب الشباب","Anti-Acne · علاج الحبوب","serum","30 ml (1.00 fl.oz)","LOWES Brand Kit/assets/products_web/ser07.png","غير موجود في ملفات المشروع (التصميم غير قابل للقراءة آلياً أو غير موجود) — يُتحقق من العبوة","Made in Türkiye · EU 1223/2009 (مذكوران بالكتالوج)","أكدت الإدارة أن التسجيل مكتمل؛ إثبات التسجيل لم يُعثر عليه في ملفات المشروع","غير معتمد للإمارات — لا يُدرج","غير معتمد للإمارات — لا يُدرج"
"LSK-CRM-01","LW-CR-301","Intense Repair Moisturizer Cream","كريم الترطيب المكثّف","Moisturizer · ترطيب","cream","50 ml (1.7 fl.oz)","LOWES Brand Kit/assets/products_web/crm01.png","غير موجود في ملفات المشروع (التصميم غير قابل للقراءة آلياً أو غير موجود) — يُتحقق من العبوة","Made in Türkiye · EU 1223/2009 (مذكوران بالكتالوج)","أكدت الإدارة أن التسجيل مكتمل؛ إثبات التسجيل لم يُعثر عليه في ملفات المشروع","غير معتمد للإمارات — لا يُدرج","غير معتمد للإمارات — لا يُدرج"
"LSK-CRM-03","LW-CR-304","Retinal Shot Cream","كريم الريتينال شوت","Anti-Aging · البطل","cream","15 ml (0.5 fl.oz) · 25,000 IU","LOWES Brand Kit/assets/products_web/crm04.png","غير موجود في ملفات المشروع (التصميم غير قابل للقراءة آلياً أو غير موجود) — يُتحقق من العبوة","Made in Türkiye · EU 1223/2009 (مذكوران بالكتالوج)","أكدت الإدارة أن التسجيل مكتمل؛ إثبات التسجيل لم يُعثر عليه في ملفات المشروع","غير معتمد للإمارات — لا يُدرج","غير معتمد للإمارات — لا يُدرج"
"LSK-CRM-04","LW-CR-302","Skin Brightening Cream","كريم تفتيح البشرة","Brightening · تفتيح","cream","50 ml (1.7 fl.oz)","LOWES Brand Kit/assets/products_web/crm02.png","غير موجود في ملفات المشروع (التصميم غير قابل للقراءة آلياً أو غير موجود) — يُتحقق من العبوة","Made in Türkiye · EU 1223/2009 (مذكوران بالكتالوج)","أكدت الإدارة أن التسجيل مكتمل؛ إثبات التسجيل لم يُعثر عليه في ملفات المشروع","غير معتمد للإمارات — لا يُدرج","غير معتمد للإمارات — لا يُدرج"
"LSK-SUN-01","LW-SP-401","Tone Up Pink Sunscreen SPF50+","واقي الشمس الوردي بالكالامين","Sun Care · حماية","sun","75 ml (2.53 fl.oz)","LOWES Brand Kit/assets/products_web/sun01.png","غير موجود في ملفات المشروع (التصميم غير قابل للقراءة آلياً أو غير موجود) — يُتحقق من العبوة","Made in Türkiye · EU 1223/2009 (مذكوران بالكتالوج)","أكدت الإدارة أن التسجيل مكتمل؛ إثبات التسجيل لم يُعثر عليه في ملفات المشروع","غير معتمد للإمارات — لا يُدرج","غير معتمد للإمارات — لا يُدرج"
"LSK-SUN-02","LW-SP-402","Anti-Blemish Sunscreen SPF50+","واقي الشمس المضاد للبقع","Sun Care · حماية وعلاج","sun","50 ml (1.7 fl.oz)","LOWES Brand Kit/assets/products_web/sun02.png","غير موجود في ملفات المشروع (التصميم غير قابل للقراءة آلياً أو غير موجود) — يُتحقق من العبوة","Made in Türkiye · EU 1223/2009 (مذكوران بالكتالوج)","أكدت الإدارة أن التسجيل مكتمل؛ إثبات التسجيل لم يُعثر عليه في ملفات المشروع","غير معتمد للإمارات — لا يُدرج","غير معتمد للإمارات — لا يُدرج"
"LSK-MSK-01","LW-MK-501","Collagen Hydro Bomb Mask","ماسك الكولاجين المائي","Treatment Mask · عناية مكثّفة","mask","50 ml (1.7 fl.oz)","LOWES Brand Kit/assets/products_web/msk01.png","غير موجود في ملفات المشروع (التصميم غير قابل للقراءة آلياً أو غير موجود) — يُتحقق من العبوة","Made in Türkiye · EU 1223/2009 (مذكوران بالكتالوج)","أكدت الإدارة أن التسجيل مكتمل؛ إثبات التسجيل لم يُعثر عليه في ملفات المشروع","غير معتمد للإمارات — لا يُدرج","غير معتمد للإمارات — لا يُدرج"
"LSK-TNR-02","LW-TN-601","Rice Milk Toner","تونر حليب الأرز","Rice Milk · تهيئة","face","200 ml (6.76 fl.oz)","LOWES Brand Kit/assets/products_web/tnr02.png","غير موجود في ملفات المشروع (التصميم غير قابل للقراءة آلياً أو غير موجود) — يُتحقق من العبوة","Made in Türkiye · EU 1223/2009 (مذكوران بالكتالوج)","أكدت الإدارة أن التسجيل مكتمل؛ إثبات التسجيل لم يُعثر عليه في ملفات المشروع","غير معتمد للإمارات — لا يُدرج","غير معتمد للإمارات — لا يُدرج"
"LSK-SER-08","LW-SR-108","Rice Milk Serum","سيروم حليب الأرز","Rice Milk · إشراق","serum","30 ml (1.00 fl.oz)","LOWES Brand Kit/assets/products_web/ser08.png","غير موجود في ملفات المشروع (التصميم غير قابل للقراءة آلياً أو غير موجود) — يُتحقق من العبوة","Made in Türkiye · EU 1223/2009 (مذكوران بالكتالوج)","أكدت الإدارة أن التسجيل مكتمل؛ إثبات التسجيل لم يُعثر عليه في ملفات المشروع","غير معتمد للإمارات — لا يُدرج","غير معتمد للإمارات — لا يُدرج"
"LSK-CRM-02","LW-CR-303","Rice Milk Spot Cream","كريم حليب الأرز للبقع","Rice Milk · تفتيح موضعي","cream","50 ml (1.7 fl.oz)","LOWES Brand Kit/assets/products_web/crm03.png","غير موجود في ملفات المشروع (التصميم غير قابل للقراءة آلياً أو غير موجود) — يُتحقق من العبوة","Made in Türkiye · EU 1223/2009 (مذكوران بالكتالوج)","أكدت الإدارة أن التسجيل مكتمل؛ إثبات التسجيل لم يُعثر عليه في ملفات المشروع","غير معتمد للإمارات — لا يُدرج","غير معتمد للإمارات — لا يُدرج"
"LHR-SHM-01","LW-HR-801","Rosemary Shampoo","شامبو الروزماري","Rosemary · تقوية الشعر","hair","250 ml (8.45 fl.oz)","LOWES Brand Kit/assets/products_web/shm01.png","غير موجود في ملفات المشروع (التصميم غير قابل للقراءة آلياً أو غير موجود) — يُتحقق من العبوة","Made in Türkiye · EU 1223/2009 (مذكوران بالكتالوج)","أكدت الإدارة أن التسجيل مكتمل؛ إثبات التسجيل لم يُعثر عليه في ملفات المشروع","غير معتمد للإمارات — لا يُدرج","غير معتمد للإمارات — لا يُدرج"
"LHR-TNR-01","LW-HR-802","Pure Rosemary Water","ماء الروزماري النقي","Rosemary · 100% طبيعي","hair","100 ml (3.38 fl.oz)","LOWES Brand Kit/assets/products_web/lhrtnr01.png","غير موجود في ملفات المشروع (التصميم غير قابل للقراءة آلياً أو غير موجود) — يُتحقق من العبوة","Made in Türkiye · EU 1223/2009 (مذكوران بالكتالوج)","أكدت الإدارة أن التسجيل مكتمل؛ إثبات التسجيل لم يُعثر عليه في ملفات المشروع","غير معتمد للإمارات — لا يُدرج","غير معتمد للإمارات — لا يُدرج"
"LHR-OIL-01","LW-HR-803","Rosemary Hair Oil","زيت الروزماري","Rosemary · تغذية عميقة","hair","50 ml (1.7 fl.oz)","LOWES Brand Kit/assets/products_web/oil01.png","8684272100471 (Rosemary Hair Oil - Box (1).pdf) — من تصميم العبوة؛ ترخيص GS1 والطباعة الحالية يُتحقق منهما","Made in Türkiye · EU 1223/2009 (مذكوران بالكتالوج)","أكدت الإدارة أن التسجيل مكتمل؛ إثبات التسجيل لم يُعثر عليه في ملفات المشروع","غير معتمد للإمارات — لا يُدرج","غير معتمد للإمارات — لا يُدرج"
"LHR-BRD-01","LW-MN-901","Beard Serum","سيروم اللحية","For Men · عناية الرجل","men","30 ml (1.00 fl.oz)","LOWES Brand Kit/assets/products_web/brd01.png","غير موجود في ملفات المشروع (التصميم غير قابل للقراءة آلياً أو غير موجود) — يُتحقق من العبوة","Made in Türkiye · EU 1223/2009 (مذكوران بالكتالوج)","أكدت الإدارة أن التسجيل مكتمل؛ إثبات التسجيل لم يُعثر عليه في ملفات المشروع","غير معتمد للإمارات — لا يُدرج","غير معتمد للإمارات — لا يُدرج"
"LBD-GEL-01","LW-BD-701","Body Firming Gel","جل شدّ الجسم والسيلوليت","Body · شدّ وتنحيف","body","250 ml (8.45 fl.oz)","LOWES Brand Kit/assets/products_web/bodygel.png","غير موجود في ملفات المشروع (التصميم غير قابل للقراءة آلياً أو غير موجود) — يُتحقق من العبوة","Made in Türkiye · EU 1223/2009 (مذكوران بالكتالوج)","أكدت الإدارة أن التسجيل مكتمل؛ إثبات التسجيل لم يُعثر عليه في ملفات المشروع","غير معتمد للإمارات — لا يُدرج","غير معتمد للإمارات — لا يُدرج"
"LBD-CRM-01","LW-BD-703","Foot Care Cream","كريم العناية بالقدمين","Body · عناية القدمين","body","100 ml (3.38 fl.oz)","LOWES Brand Kit/assets/products_web/foot01.png","غير موجود في ملفات المشروع (التصميم غير قابل للقراءة آلياً أو غير موجود) — يُتحقق من العبوة","Made in Türkiye · EU 1223/2009 (مذكوران بالكتالوج)","أكدت الإدارة أن التسجيل مكتمل؛ إثبات التسجيل لم يُعثر عليه في ملفات المشروع","غير معتمد للإمارات — لا يُدرج","غير معتمد للإمارات — لا يُدرج"