requirement,status,detail,source,needed_for,platforms,needs_official_confirmation,next_action,owner
"رخصة تجارية إماراتية","available_in_project_files","Lowes Professional L.L.C-FZ — ميدان المنطقة الحرة، دبي، رقم 2542259.01؛ الأنشطة 4649.09 جملة عطور ومستحضرات تجميل · 4772.94 تجارة أدوات التجميل والعناية الشخصية · 4790.00 تجارة إلكترونية؛ صادرة 16/12/2025، **تنتهي 15/12/2026**","اوراق الشركة_/اوراق شرمة الامارات/Commercial License.pdf","start","Amazon.ae، noon، Begad، Dayjour، Trendyol","قبول رخصة المنطقة الحرة لدى Amazon (الصفحة تقول «Dubai Trade Licence») وnoon (النص المفهرس لا يذكرها صراحة)","تأكيد القبول عند فتح الحساب؛ إدراج التجديد بخطة المتابعة (الخطوة أدناه)","فريق التسجيل"
"تجديد الرخصة","in_progress","سارية حتى 15/12/2026؛ noon تطلب صلاحية ≥15 يوماً عند التسجيل (نص رسمي عبر فهرس البحث)","Commercial License.pdf + support.noon.partners/…/documents-required-to-sell-on-noon","start + complete","كل المنصات","رسوم ومدة التجديد لدى ميدان","بدء التجديد قبل 15/11/2026 (شهر قبل الانتهاء) وتحديث الرخصة بكل منصة فور صدورها","الإدارة"
"شهادة التأسيس + عقد التأسيس + سجل الحصص","available_in_project_files","موجودة بمجلد أوراق الإمارات وبغرفة بيانات المستثمرين","اوراق الشركة_/اوراق شرمة الامارات/","complete (عند الطلب)","قد تُطلب بالتحقق","—","لا شيء","—"
"هوية/جواز المفوَّض بالتوقيع (المذكور بالرخصة) أو توكيل","not_found_in_project_files","غير موجودة بملفات المشروع؛ ABOS يسجّلها «نسخ جوازات المدراء» كبند ناقص بالمجلد — لا يعني عدم توفرها لدى الشركة","ABOS 02 + فهرس_الوثائق.md","start","Amazon.ae، noon، Begad","إن كان مقدّم الطلب غير المدير المذكور بالرخصة: صيغة التوكيل المقبولة","تزويد فريق التسجيل بنسخة الهوية/الجواز (أو توكيل)","الإدارة"
"حساب بنكي إماراتي باسم الشركة + IBAN/خطاب بنك","not_found_in_project_files","لا خطاب IBAN أو كشف بنكي بملفات المشروع؛ ABOS يذكر «حساب بنكي مرتبط» كبند ناقص بالمجلد — لا يعني عدم وجود حساب","ABOS 02","start (Begad، Dayjour) / complete + payouts (Amazon، noon)","Amazon.ae، noon، Begad، Dayjour","noon: صفحاتها تتعارض حول إلزامية بيانات البنك عند التسجيل","تأكيد وجود الحساب وتزويد خطاب IBAN مختوم أو كشف حديث","الإدارة"
"وضع VAT (TRN أو عدم تسجيل)","not_found_in_project_files","لا شهادة VAT بالملفات","بحث بملفات المشروع 9/10/2026","start (Trendyol بائع محلي، Dayjour) / اختياري (noon)","Trendyol، Dayjour، noon (اختياري)، Amazon (غير منصوص بالصفحة المقروءة)","متطلبات Amazon.ae للـVAT غير منصوصة بالصفحات المقروءة","تحديد الوضع: TRN إن وُجد، أو اختيار «Non-VAT Registered» بـnoon","الإدارة"
"تسجيل المنتجات بالإمارات","management_confirmed_proof_not_in_files","**الإدارة تؤكد اكتمال التسجيل، لكن إثبات التسجيل لم يُعثر عليه في الملفات المتاحة.** بحث 9/10/2026 (Montaji/بلدية دبي/ECAS/ESMA/MoIAT/أرقام): لا نتيجة. الموجود: صور ÜTS تركية لـ7 منتجات (ليست إماراتية)، وفهرس يشير لملف اختبارات الـ26 منتجاً على Drive","إفادة الإدارة (9/10/2026) + غرفة بيانات المستثمرين/03_الشهادات/00_فهرس الشهادات.pdf","listing + البيع بالتجزئة","الصيدليات والمتاجر؛ أي منصة تطلب إثباتاً تنظيمياً","قائمة SKUs المسجلة وأرقامها والجهة (مثلاً Montaji/بلدية دبي)","نسخة الشهادات أو أرقامها لكل SKU — لا إعادة تسجيل","الإدارة"
"باركودات GTIN/EAN-13","available_in_project_files (partial: 3 SKUs)","EAN-13 مطبوع على تصاميم العبوات بالملفات (رقم التحقق صحيح): Vitamin C Serum 8684272100419 · Rosemary Hair Oil 8684272100471 · Pore Tightening Toner 8684149133717. باقي الـ23: غير موجود بالملفات (التصاميم غير قابلة للقراءة آلياً)","04 - السوشال ميديا والمحتوى/صور المنتجات ومعلومات عنها/… Box.pdf / تفاصيل المنتج.pdf","listing","Amazon.ae (GTIN أو إعفاء)؛ noon (باركود على كل وحدة للـFBN/FBP؛ باركود مخصص مسموح للإدراج بحسب صفحة رسمية مفهرسة)؛ Begad/Dayjour (غير منصوص)","الطباعة على العبوة الحالية + صاحب ترخيص بادئة GS1 (8684272 و8684149 مختلفتان)","تأكيد من العبوات الفعلية وجهة إصدار الباركود؛ استكمال الـ23 من العبوات","الإدارة"
"ملكية العلامة + خطاب تفويض للكيان الإماراتي","available_in_project_files (partial)","الملف الموجود **طلب تسجيل** (MARKA BAŞVURUSU 2024/085278، 04.07.2024، صنف 03 و35) — مالك الطلب **شخص طبيعي** (البيانات بالوثيقة، لم تُنقل). لا شهادة تسجيل نهائية لـLOWE'S ولا تسجيل إماراتي بالملفات. مسودة خطاب تفويض جاهزة غير موقّعة","غرفة بيانات المستثمرين/02_العلامات التجارية/شهادة تسجيل علامة LOWES - تركيا.pdf","listing (noon للعلامات المحمية؛ Amazon Brand Registry وموافقات العلامة)","noon، Amazon.ae","حالة التسجيل النهائي، ومن يوقّع التفويض (مالك العلامة الوارد بالوثيقة)","تأكيد المالك الحالي/حالة التسجيل؛ مراجعة وتوقيع المسودة من صاحب الصلاحية","الإدارة"
"علاقة التصنيع وتطابق التركيبات","available_in_project_files","«بيان الشراكة التصنيعية» **وثيقة أعدّتها الشركة** (مادة معرض دمشق 2026) تقول إن CEELLO مصنّع تعاقدي والتركيبات مطابقة 100%، وتوصي بالحصول على كتاب رسمي من CEELLO — **لا إقرار صادر عن CEELLO بالملفات**","غرفة بيانات المستثمرين/03_الشهادات/01_بيان الشراكة التصنيعية وتوثيق الشهادات.pdf","ملف المورد للصيدليات والموزعين","—","خطاب تفويض موقّع من CEELLO يغطي كل المنتجات (فهرس الوثائق يذكره كناقص)","طلب الخطاب من CEELLO إن لم يكن موجوداً خارج المشروع","الإدارة"
"اختبار فعالية (ادعاء الشعر)","available_in_project_files","SKINLAB P.S.A. 20/03/2026: المنتج المختبَر «The CEEL Pure Rosemary Water» (طلب CEELLO) — +15.53% كثافة شعر، 30 متطوعة، 8 أسابيع. **يقابل LOWE'S Pure Rosemary Water (LHR-TNR-01) فقط، ولا يُنسب له رسمياً قبل إقرار CEELLO؛ لا ينطبق على Rosemary Hair Oil**","غرفة بيانات المستثمرين/03_الشهادات/تقرير الفحص والشهادة (AplAppRep).pdf","التسويق وملف المورد","—","قبول المنصات لادعاء مبني على اختبار باسم المصنّع","طلب إقرار CEELLO المكتوب بالتطابق قبل استخدام النتائج","فريق التسجيل"
"صور المنتجات","available_in_project_files","26 صورة PNG (منتج لكل SKU)","LOWES Brand Kit/assets/products_web/","listing","كل المنصات","مواصفات الصور لكل منصة (خلفية بيضاء، دقة)","مراجعة الصور مقابل مواصفات Amazon/noon عند الإدراج","فريق التسجيل"
"بيانات المنتجات (الاسم، الحجم، الطريقة، الفئة)","available_in_project_files","26 منتجاً بأحجامها ورموزها؛ الكتالوج الإنجليزي فيه طرق الاستخدام","LOWES Catalog - PRINT.html + كتالوجات غرفة البيانات","listing","كل المنصات","قائمة المكونات INCI لكل SKU (ملف كتالوج تفصيلي مذكور بـABOS، مساره غير متحقق)","استخراج INCI من الكتالوج التفصيلي أو العبوات","فريق التسجيل"
"أسعار الإمارات (جملة/تجزئة بالدرهم)","not_found_in_project_files","الموجود: سعر تجزئة بالدولار وسلّما جملة معتمدان **لسوريا** — لا يُستخدمان للإمارات","LOWES Brand Kit/system/src/db/database.js + ABOS 06","listing + التفاوض","كل المنصات والموردين","—","اعتماد قائمة أسعار الإمارات","الإدارة"
"الحد الأدنى للطلب، مدة التوريد، المخزون بالإمارات، الشحن والـIncoterms، شروط الدفع","not_found_in_project_files","—","بحث بملفات المشروع 9/10/2026","التفاوض مع الموردين/الموزعين؛ FBA/FBN","الموزعون والصيدليات؛ Amazon FBA/noon FBN","—","قرار إداري","الإدارة"
"جهة التواصل التجارية","not_found_in_project_files","—","—","start","كل المنصات","—","تحديد اسم ودور وبريد وهاتف (بريد عمل مطلوب لدى Begad وAmazon)","الإدارة"
"جهة الملصق على العبوات","available_in_project_files","علبتا Vitamin C وRosemary Hair Oil تذكران «L B İÇ VE DIŞ TİCARET KOZMETİK A.Ş., Kadıköy/İstanbul» — يختلف عن الكيانين المسجلين بـABOS","Box.pdf للمنتجين","listing + التطابق التنظيمي","كل المنصات/الجهات التنظيمية","صفة هذه الجهة (مستورد/مسؤول/مالك علامة)","توضيح الإدارة","الإدارة"
"تقارير الاختبار لكل SKU","available_in_project_files (partial: 10 SKUs)","Stability + Challenge + Microbiological باسم LOWE'S لـ10 منتجات محلياً؛ غير موجودة محلياً لـVitamin C وRosemary Hair Oil (الفهرس يشير إلى Drive)","04 - السوشال ميديا والمحتوى/صور المنتجات ومعلومات عنها/","ملف المورد والتسجيل","الصيدليات والمتاجر","—","تنزيل ملفات Drive للمنتجين الأولين إن طُلبت","فريق التسجيل"
"اتساق بيانات المنتج (INCI والادعاءات)","available_in_project_files (conflicts)","Rosemary Hair Oil: INCI العلبة ≠ ملف التفاصيل؛ «Biotin» على الواجهة غير موجود بـINCI. Vitamin C: 2% منسوبة لـFerulic بالعلبة ولـB5 بملف التفاصيل","Box.pdf + تفاصيل المنتج.pdf","listing","كل المنصات","تأكيد المصنّع","حسم مع CEELLO قبل الإدراج؛ استخدام نص العلبة مؤقتاً لفيتامين سي","الإدارة"