sku,product,status,reason,unblock_step,regulatory_flags
"LW-FC-201","Oily & Sensitive Skin Cleanser Gel","NEEDS_VISUAL_READ","نص العبوة محوّل لمنحنيات أو ناقص: INCI · EAN (باركود غير مقروء آلياً)","قراءة بصرية للعبوة/ملف نصي من CEELLO","0"
"LW-FC-202","Normal & Dry Skin Cleanser Gel","NEEDS_VISUAL_READ","نص العبوة محوّل لمنحنيات أو ناقص: كل بيانات العبوة (النص محوّل لمنحنيات) · INCI · Batch/Exp · EAN (باركود غير مقروء آلياً)","قراءة بصرية للعبوة/ملف نصي من CEELLO","0"
"LW-FC-203","Pore Tightening & Purifying Toner","NEEDS_VISUAL_READ","نص العبوة محوّل لمنحنيات أو ناقص: كل بيانات العبوة (النص محوّل لمنحنيات) · INCI · Batch/Exp · EAN (باركود غير مقروء آلياً)","قراءة بصرية للعبوة/ملف نصي من CEELLO","1"
"LW-FC-204","Facial Peeling Gel","NEEDS_VISUAL_READ","نص العبوة محوّل لمنحنيات أو ناقص: كل بيانات العبوة (النص محوّل لمنحنيات) · INCI · Batch/Exp · EAN (باركود غير مقروء آلياً)","قراءة بصرية للعبوة/ملف نصي من CEELLO","0"
"LW-SR-102","Retinol Serum 1%","CONTENT_READY","","","0"
"LW-SR-103","Dark Spot Corrector Serum","CONTENT_READY","","","1"
"LW-SR-104","Intensive Hydration Serum","NEEDS_VISUAL_READ","نص العبوة محوّل لمنحنيات أو ناقص: كل بيانات العبوة (النص محوّل لمنحنيات) · Batch/Exp · EAN (باركود غير مقروء آلياً)","قراءة بصرية للعبوة/ملف نصي من CEELLO","0"
"LW-SR-105","Collagen Serum","CONTENT_READY","","","0"
"LW-SR-106","Under Eye Serum","NEEDS_VISUAL_READ","نص العبوة محوّل لمنحنيات أو ناقص: كل بيانات العبوة (النص محوّل لمنحنيات) · INCI · Batch/Exp · EAN (باركود غير مقروء آلياً)","قراءة بصرية للعبوة/ملف نصي من CEELLO","0"
"LW-SR-107","Anti-Acne Serum","ON_HOLD_REGULATORY","اسم وادعاء حب الشباب خارج نطاق التجميل (دليل بلدية دبي 5.2) + عنوانا الغرض/الاستخدام مقلوبان (C-16)","قرار الإدارة بالاسم/الادعاء بعد معرفة ما سُجّل فعلاً، وتصحيح التصميم","2"
"LW-CR-301","Intense Repair Moisturizer Cream","NEEDS_VISUAL_READ","نص العبوة محوّل لمنحنيات أو ناقص: كل بيانات العبوة (النص محوّل لمنحنيات) · INCI · Batch/Exp · EAN (باركود غير مقروء آلياً)","قراءة بصرية للعبوة/ملف نصي من CEELLO","0"
"LW-CR-304","Retinal Shot Cream","NEEDS_VISUAL_READ","نص العبوة محوّل لمنحنيات أو ناقص: INCI · Batch/Exp · EAN (باركود غير مقروء آلياً)","قراءة بصرية للعبوة/ملف نصي من CEELLO","0"
"LW-CR-302","Skin Brightening Cream","CONTENT_READY","","","1"
"LW-SP-401","Tone Up Pink Sunscreen SPF50+","NO_PACK_FILE","لا ملف عبوة/تصميم بالمجلد","تسليم ملف العبوة","1"
"LW-SP-402","Anti-Blemish Sunscreen SPF50+","NEEDS_VISUAL_READ","نص العبوة محوّل لمنحنيات أو ناقص: كل بيانات العبوة (النص محوّل لمنحنيات) · INCI · Batch/Exp · EAN (باركود غير مقروء آلياً)","قراءة بصرية للعبوة/ملف نصي من CEELLO","1"
"LW-MK-501","Collagen Hydro Bomb Mask","CONTENT_READY","","","2"
"LW-TN-601","Rice Milk Toner","NEEDS_VISUAL_READ","نص العبوة محوّل لمنحنيات أو ناقص: INCI · Batch/Exp · EAN (باركود غير مقروء آلياً)","قراءة بصرية للعبوة/ملف نصي من CEELLO","1"
"LW-SR-108","Rice Milk Serum","CONTENT_READY","","","1"
"LW-CR-303","Rice Milk Spot Cream","NEEDS_VISUAL_READ","نص العبوة محوّل لمنحنيات أو ناقص: INCI · Batch/Exp · EAN (باركود غير مقروء آلياً)","قراءة بصرية للعبوة/ملف نصي من CEELLO","0"
"LW-HR-801","Rosemary Shampoo","ON_HOLD_REGULATORY","ادعاءات نمو/تساقط الشعر خارج نطاق التجميل (5.2)","سحب الادعاءات بقرار الإدارة + إثبات التسجيل","1"
"LW-HR-802","Pure Rosemary Water","ON_HOLD_REGULATORY","ادعاءات نمو الشعر + اختبار SKINLAB لا يُنسب بلا إقرار CEELLO","سحب الادعاءات + إقرار CEELLO","1"
"LW-HR-803","Rosemary Hair Oil","ON_HOLD_REGULATORY","تعارض INCI (30 مقابل 26)، Biotin غير موجود بأي قائمة، Benzyl Nicotinate (مادة دورة دموية)","إقرار CEELLO المكتوب بـINCI النهائي والمكوّنات","2"
"LW-MN-901","Beard Serum","NO_PACK_FILE","لا ملف عبوة/تصميم بالمجلد","تسليم ملف العبوة","0"
"LW-BD-701","Body Firming Gel","NEEDS_VISUAL_READ","نص العبوة محوّل لمنحنيات أو ناقص: كل بيانات العبوة (النص محوّل لمنحنيات) · INCI · Batch/Exp · EAN (باركود غير مقروء آلياً)","قراءة بصرية للعبوة/ملف نصي من CEELLO","0"
"LW-BD-703","Foot Care Cream","NO_PACK_FILE","لا ملف عبوة/تصميم بالمجلد","تسليم ملف العبوة","0"