sku,product,ean,inci_machine_read,image,blocking_items,other_items
"LW-SR-101","Vitamin C Serum — 30 ml (1.00 fl.oz)","8684272100419","yes","ser01.png (450×1000 px)","4","2"
"LW-FC-201","Oily & Sensitive Skin Cleanser Gel — 250 ml (8.45 fl.oz)","","no","fcg01.png (450×1000 px)","4","2"
"LW-FC-202","Normal & Dry Skin Cleanser Gel — 250 ml (8.45 fl.oz)","","no","fcg02.png (450×1000 px)","4","2"
"LW-FC-203","Pore Tightening & Purifying Toner — 250 ml (8.45 fl.oz)","8684149133717","no","tnr01.png (450×1000 px)","4","2"
"LW-FC-204","Facial Peeling Gel — 100 ml (3.38 fl.oz)","","no","pel01.png (450×1000 px)","4","2"
"LW-SR-102","Retinol Serum 1% — 30 ml (1.00 fl.oz)","","yes","ser02.png (450×1000 px)","4","2"
"LW-SR-103","Dark Spot Corrector Serum — 30 ml (1.00 fl.oz)","","yes","ser03.png (450×1000 px)","4","2"
"LW-SR-104","Intensive Hydration Serum — 30 ml (1.00 fl.oz)","","yes","ser04.png (450×1000 px)","4","2"
"LW-SR-105","Collagen Serum — 30 ml (1.00 fl.oz)","","yes","ser05.png (450×1000 px)","4","2"
"LW-SR-106","Under Eye Serum — 30 ml (1.00 fl.oz)","","no","ser06.png (450×1000 px)","4","2"
"LW-SR-107","Anti-Acne Serum — 30 ml (1.00 fl.oz)","","yes","ser07.png (450×1000 px)","4","2"
"LW-CR-301","Intense Repair Moisturizer Cream — 50 ml (1.7 fl.oz)","","no","crm01.png (450×1000 px)","4","2"
"LW-CR-304","Retinal Shot Cream — 15 ml (0.5 fl.oz) · 25,000 IU","","no","crm04.png (450×1000 px)","4","2"
"LW-CR-302","Skin Brightening Cream — 50 ml (1.7 fl.oz)","","yes","crm02.png (450×1000 px)","4","2"
"LW-SP-402","Anti-Blemish Sunscreen SPF50+ — 50 ml (1.7 fl.oz)","","no","sun02.png (450×1000 px)","4","2"
"LW-MK-501","Collagen Hydro Bomb Mask — 50 ml (1.7 fl.oz)","","no","msk01.png (450×1000 px)","4","2"
"LW-TN-601","Rice Milk Toner — 200 ml (6.76 fl.oz)","","no","tnr02.png (450×1000 px)","4","2"
"LW-SR-108","Rice Milk Serum — 30 ml (1.00 fl.oz)","","no","ser08.png (450×1000 px)","4","2"
"LW-CR-303","Rice Milk Spot Cream — 50 ml (1.7 fl.oz)","","no","crm03.png (450×1000 px)","4","2"
"LW-HR-801","Rosemary Shampoo — 250 ml (8.45 fl.oz)","","no","shm01.png (450×1000 px)","4","3"
"LW-HR-802","Pure Rosemary Water — 100 ml (3.38 fl.oz)","","no","lhrtnr01.png (450×1000 px)","4","3"
"LW-BD-701","Body Firming Gel — 250 ml (8.45 fl.oz)","","no","bodygel.png (450×1000 px)","4","2"