sku,catalog_code,catalog_name_en,catalog_name_ar,catalog_pack_size,on_pack_name_en,on_pack_size_ml,brand_on_pack,label_company_on_pack,declared_manufacturer,ean13_on_pack_artwork,batch_on_artwork,expiry_on_artwork,uae_registration_number,uae_registration_proof_path,uae_registration_validity,registration_status,turkish_uts_image,test_reports_present,pack_artwork_files,details_files,match_status
"LW-FC-201","LSK-FCG-01","Oily & Sensitive Skin Cleanser Gel","غسول البشرة الدهنية والحساسة","250 ml (8.45 fl.oz)","غير مقروء آلياً (نص مُحوَّل لمنحنيات)","","LOWE'S profesyonel","غير مقروء آلياً","CEELLO KOZMETİK (بيان الشراكة التصنيعية — وثيقة أعدّتها الشركة)","","LSC 001     ","","غير موجود ضمن الملفات المتاحة","","","التسجيل مؤكد من الإدارة؛ إثبات التسجيل لم يُعثر عليه ضمن الملفات المتاحة","","غير موجودة محلياً (الفهرس يشير إلى Drive)","منتجات البشرة/غسول البشرة الدهنية LOWE_S/Lowes - Facial Cleanser Gel - Yağlı ve Hassas - Print.pdf","","عبوة موجودة؛ EAN غير مقروء آلياً"
"LW-FC-202","LSK-FCG-02","Normal & Dry Skin Cleanser Gel","غسول البشرة العادية والجافة","250 ml (8.45 fl.oz)","غير مقروء آلياً (نص مُحوَّل لمنحنيات)","","LOWE'S profesyonel","غير مقروء آلياً","CEELLO KOZMETİK (بيان الشراكة التصنيعية — وثيقة أعدّتها الشركة)","","","","غير موجود ضمن الملفات المتاحة","","","التسجيل مؤكد من الإدارة؛ إثبات التسجيل لم يُعثر عليه ضمن الملفات المتاحة","","غير موجودة محلياً (الفهرس يشير إلى Drive)","منتجات البشرة/غسول الوجه LOWE_S/Lowes - Facial Cleanser Gel - Print.pdf","منتجات البشرة/غسول الوجه LOWE_S/Facial Cleanser Gel تفاصيل المنتج.pdf","عبوة موجودة؛ EAN غير مقروء آلياً"
"LW-FC-203","LSK-TNR-01","Pore Tightening & Purifying Toner","تونر تنقية المسام","250 ml (8.45 fl.oz)","غير مقروء آلياً (نص مُحوَّل لمنحنيات)","","LOWE'S profesyonel","غير مقروء آلياً","CEELLO KOZMETİK (بيان الشراكة التصنيعية — وثيقة أعدّتها الشركة)","8684149133717","","","غير موجود ضمن الملفات المتاحة","","","التسجيل مؤكد من الإدارة؛ إثبات التسجيل لم يُعثر عليه ضمن الملفات المتاحة","","3 ملفات (Stability/Challenge/Microbiological)","منتجات البشرة/LOWE_S تونر الوجه_/Lowes -  Pore Tightening Pufifying Toner - Print.pdf | منتجات البشرة/LOWE_S تونر الوجه_/LOWE_S PORE TIGHTENING & PURIFYING TONER/Lowes -  Pore Tightening Pufifying Toner - Print.pdf","منتجات البشرة/LOWE_S تونر الوجه_/LOWE’S – PORE TIGHTENING & PURIFYING TONER تفاصيل المنتج.pdf","عبوة + EAN مطبوع + مطابقة الحجم"
"LW-FC-204","LSK-PEL-01","Facial Peeling Gel","جل التقشير","100 ml (3.38 fl.oz)","غير مقروء آلياً (نص مُحوَّل لمنحنيات)","","LOWE'S profesyonel","غير مقروء آلياً","CEELLO KOZMETİK (بيان الشراكة التصنيعية — وثيقة أعدّتها الشركة)","","","","غير موجود ضمن الملفات المتاحة","","","التسجيل مؤكد من الإدارة؛ إثبات التسجيل لم يُعثر عليه ضمن الملفات المتاحة","","غير موجودة محلياً (الفهرس يشير إلى Drive)","منتجات البشرة/جل مقشر LOWE_S/Lowes - Facial Peeling Gel - Box.pdf","منتجات البشرة/جل مقشر LOWE_S/Facial Peeling Gel تفاصيل المنتج.pdf","عبوة موجودة؛ EAN غير مقروء آلياً"
"LW-SR-101","LSK-SER-01","Vitamin C Serum","سيروم فيتامين سي","30 ml (1.00 fl.oz)","غير مقروء آلياً (نص مُحوَّل لمنحنيات)","","LOWE'S profesyonel","غير مقروء آلياً","CEELLO KOZMETİK (بيان الشراكة التصنيعية — وثيقة أعدّتها الشركة)","","","","غير موجود ضمن الملفات المتاحة","","","التسجيل مؤكد من الإدارة؛ إثبات التسجيل لم يُعثر عليه ضمن الملفات المتاحة","","غير موجودة محلياً (الفهرس يشير إلى Drive)","منتجات البشرة/سيروم فيتامين سي LOWE_S/Lowes - Vitamin C Serum - Box.pdf | منتجات البشرة/سيروم فيتامين سي LOWE_S/Lowes - Vitamin C Serum - Print.pdf","منتجات البشرة/سيروم فيتامين سي LOWE_S/_C VİTAMİNİ SERUM تفصيل المنتج.pdf","عبوة موجودة؛ EAN غير مقروء آلياً"
"LW-SR-102","LSK-SER-02","Retinol Serum 1%","سيروم الريتينول","30 ml (1.00 fl.oz)","غير مقروء آلياً (نص مُحوَّل لمنحنيات)","","LOWE'S profesyonel","غير مقروء آلياً","CEELLO KOZMETİK (بيان الشراكة التصنيعية — وثيقة أعدّتها الشركة)","","","","غير موجود ضمن الملفات المتاحة","","","التسجيل مؤكد من الإدارة؛ إثبات التسجيل لم يُعثر عليه ضمن الملفات المتاحة","","غير موجودة محلياً (الفهرس يشير إلى Drive)","منتجات البشرة/سيروم ريتينول LOWE_S/Lowes - Retinol Serum - Box.pdf | منتجات البشرة/سيروم ريتينول LOWE_S/Lowes - Retinol Serum - Print.pdf","منتجات البشرة/سيروم ريتينول LOWE_S/_RETİNOL SERUM تفاصيل المنتج.pdf","عبوة موجودة؛ EAN غير مقروء آلياً"
"LW-SR-103","LSK-SER-03","Dark Spot Corrector Serum","سيروم تصحيح البقع","30 ml (1.00 fl.oz)","DARKSPOT CORRECTOR SERUM","","LOWE'S profesyonel","غير مقروء آلياً","CEELLO KOZMETİK (بيان الشراكة التصنيعية — وثيقة أعدّتها الشركة)","","LWS 002  PAP","","غير موجود ضمن الملفات المتاحة","","","التسجيل مؤكد من الإدارة؛ إثبات التسجيل لم يُعثر عليه ضمن الملفات المتاحة","","3 ملفات (Stability/Challenge/Microbiological)","منتجات البشرة/سيروم البقع LOWE_S/Lowes - Dark Spot Corrector Serum - Box.pdf | منتجات البشرة/سيروم البقع LOWE_S/LOWE_S DARK SPOT CORRECTOR SERUM/Lowes - Dark Spot Corrector Serum - Box (3).pdf | منتجات البشرة/سيروم البقع LOWE_S/Lowes - Dark Spot Corrector Serum - Print.pdf","منتجات البشرة/سيروم البقع LOWE_S/Dark Spot Corrector Serum 30ML.pdf | منتجات البشرة/سيروم البقع LOWE_S/_LEKE KARŞITI SERUM تفاصيل المنتج.pdf","عبوة موجودة؛ EAN غير مقروء آلياً"
"LW-SR-104","LSK-SER-04","Intensive Hydration Serum","سيروم الترطيب المكثّف","30 ml (1.00 fl.oz)","INTENSIVE HYDRATION SERUM","","LOWE'S profesyonel","غير مقروء آلياً","CEELLO KOZMETİK (بيان الشراكة التصنيعية — وثيقة أعدّتها الشركة)","","LWH 002  PAP","","غير موجود ضمن الملفات المتاحة","","","التسجيل مؤكد من الإدارة؛ إثبات التسجيل لم يُعثر عليه ضمن الملفات المتاحة","","3 ملفات (Stability/Challenge/Microbiological)","منتجات البشرة/سيروم المرطب LOWE_S/Lowes - Intensive Hydration Serum - Box (1).pdf | منتجات البشرة/سيروم المرطب LOWE_S/LOWE_S INTENSIVE HYDRATION SERUM/Lowes - Intensive Hydration Serum - Box (1) (1).pdf | منتجات البشرة/سيروم المرطب LOWE_S/Lowes - Intensive Hydration Serum - Print.pdf","منتجات البشرة/سيروم المرطب LOWE_S/INTENSIVE HYDRATION SERUM 30  ML.pdf | منتجات البشرة/سيروم المرطب LOWE_S/_NEMLENDİRİCİ SERUM تفاصيل المنتج.pdf","عبوة موجودة؛ EAN غير مقروء آلياً"
"LW-SR-105","LSK-SER-05","Collagen Serum","سيروم الكولاجين","30 ml (1.00 fl.oz)","COLLAGEN SERUM KOLAJEN SERUM","","LOWE'S profesyonel","غير مقروء آلياً","CEELLO KOZMETİK (بيان الشراكة التصنيعية — وثيقة أعدّتها الشركة)","","LSB 001 12 M","","غير موجود ضمن الملفات المتاحة","","","التسجيل مؤكد من الإدارة؛ إثبات التسجيل لم يُعثر عليه ضمن الملفات المتاحة","","3 ملفات (Stability/Challenge/Microbiological)","منتجات البشرة/سيروم الكولاجينLOWE_S/Lowes - Collagen Serum - Box.pdf | منتجات البشرة/سيروم الكولاجينLOWE_S/LOWE_S COLLAGEN SERUM/Lowes - Collagen Serum - Box (1).pdf | منتجات البشرة/سيروم الكولاجينLOWE_S/Lowes - Collagen Serum - Print.pdf","منتجات البشرة/سيروم الكولاجينLOWE_S/COLLAGEN SERUM 30 ML.pdf | منتجات البشرة/سيروم الكولاجينLOWE_S/Lowes – Collagen Serumتفاصيل المنتج.pdf","عبوة موجودة؛ EAN غير مقروء آلياً"
"LW-SR-106","LSK-SER-06","Under Eye Serum","سيروم الهالات وانتفاخ العين","30 ml (1.00 fl.oz)","UNDER EYE SERUM","","LOWE'S profesyonel","غير مقروء آلياً","CEELLO KOZMETİK (بيان الشراكة التصنيعية — وثيقة أعدّتها الشركة)","","","","غير موجود ضمن الملفات المتاحة","","","التسجيل مؤكد من الإدارة؛ إثبات التسجيل لم يُعثر عليه ضمن الملفات المتاحة","","3 ملفات (Stability/Challenge/Microbiological)","منتجات البشرة/سيروم الهالات تحت العين LOWE_S/Lowes - Under Eye Serum - Box.pdf | منتجات البشرة/سيروم الهالات تحت العين LOWE_S/LOWE_S UNDER EYE SERUM/Lowes - Under Eye Serum - Box (2).pdf | منتجات البشرة/سيروم الهالات تحت العين LOWE_S/Lowes - Under Eye Serum - Print.pdf","منتجات البشرة/سيروم الهالات تحت العين LOWE_S/UNDER EYE SERUM 30 ML.pdf","عبوة موجودة؛ EAN غير مقروء آلياً"
"LW-SR-107","LSK-SER-07","Anti-Acne Serum","سيروم مضاد لحب الشباب","30 ml (1.00 fl.oz)","ANTI ACNE SERUM","","LOWE'S profesyonel","غير مقروء آلياً","CEELLO KOZMETİK (بيان الشراكة التصنيعية — وثيقة أعدّتها الشركة)","","LSA 001 12 M","","غير موجود ضمن الملفات المتاحة","","","التسجيل مؤكد من الإدارة؛ إثبات التسجيل لم يُعثر عليه ضمن الملفات المتاحة","","3 ملفات (Stability/Challenge/Microbiological)","منتجات البشرة/سيروم الحبوب LOWE_S/Lowes - Anti Acne Serum - Box.pdf | منتجات البشرة/سيروم الحبوب LOWE_S/LOWE_S ANTI ACNE SERUM/Lowes - Anti Acne Serum - Box (1).pdf | منتجات البشرة/سيروم الحبوب LOWE_S/Lowes - Anti Acne Serum - Print.pdf","منتجات البشرة/سيروم الحبوب LOWE_S/ANTI ACNE SERUMتفاصيل المنتج.pdf","عبوة موجودة؛ EAN غير مقروء آلياً"
"LW-CR-301","LSK-CRM-01","Intense Repair Moisturizer Cream","كريم الترطيب المكثّف","50 ml (1.7 fl.oz)","غير مقروء آلياً (نص مُحوَّل لمنحنيات)","","LOWE'S profesyonel","غير مقروء آلياً","CEELLO KOZMETİK (بيان الشراكة التصنيعية — وثيقة أعدّتها الشركة)","","","","غير موجود ضمن الملفات المتاحة","","","التسجيل مؤكد من الإدارة؛ إثبات التسجيل لم يُعثر عليه ضمن الملفات المتاحة","منتجات البشرة/كريم المرطب LOWE_S/ÜTS ürün kaydı.png","غير موجودة محلياً (الفهرس يشير إلى Drive)","منتجات البشرة/كريم المرطب LOWE_S/Lowes - Intense Repair Moisturizer Cream - Box.pdf","منتجات البشرة/كريم المرطب LOWE_S/Moisturizer Cream تفاصيل المنتج.pdf","عبوة موجودة؛ EAN غير مقروء آلياً"
"LW-CR-304","LSK-CRM-03","Retinal Shot Cream","كريم الريتينال شوت","15 ml (0.5 fl.oz) · 25,000 IU","غير مقروء آلياً (نص مُحوَّل لمنحنيات)","","LOWE'S profesyonel","غير مقروء آلياً","CEELLO KOZMETİK (بيان الشراكة التصنيعية — وثيقة أعدّتها الشركة)","","","","غير موجود ضمن الملفات المتاحة","","","التسجيل مؤكد من الإدارة؛ إثبات التسجيل لم يُعثر عليه ضمن الملفات المتاحة","","غير موجودة محلياً (الفهرس يشير إلى Drive)","منتجات البشرة/كريم الريتينال شوت_/Lowes - Retinal Shot - Box.pdf | منتجات البشرة/كريم الريتينال شوت_/Lowes - Retinal Shot - Print.pdf","منتجات البشرة/كريم الريتينال شوت_/Retinal Shot.pdf","عبوة موجودة؛ EAN غير مقروء آلياً"
"LW-CR-302","LSK-CRM-04","Skin Brightening Cream","كريم تفتيح البشرة","50 ml (1.7 fl.oz)","غير مقروء آلياً (نص مُحوَّل لمنحنيات)","","LOWE'S profesyonel","غير مقروء آلياً","CEELLO KOZMETİK (بيان الشراكة التصنيعية — وثيقة أعدّتها الشركة)","","LBS 002   PA","","غير موجود ضمن الملفات المتاحة","","","التسجيل مؤكد من الإدارة؛ إثبات التسجيل لم يُعثر عليه ضمن الملفات المتاحة","منتجات الجسم/كريم التبييض LOWE_S/ÜTS ürün kaydı.png","غير موجودة محلياً (الفهرس يشير إلى Drive)","منتجات الجسم/كريم التبييض LOWE_S/Lowes - Skin Whitening Cream - Box.pdf | منتجات الجسم/كريم التبييض LOWE_S/Lowes - Skin Whitening Cream - Print.pdf","منتجات الجسم/كريم التبييض LOWE_S/Skin Whitening Cream تفاصيل المنتج.pdf","عبوة موجودة؛ EAN غير مقروء آلياً"
"LW-SP-401","LSK-SUN-01","Tone Up Pink Sunscreen SPF50+","واقي الشمس الوردي بالكالامين","75 ml (2.53 fl.oz)","لا عبوة","","","","CEELLO KOZMETİK (بيان الشراكة التصنيعية — وثيقة أعدّتها الشركة)","","","","غير موجود ضمن الملفات المتاحة","","","التسجيل مؤكد من الإدارة؛ إثبات التسجيل لم يُعثر عليه ضمن الملفات المتاحة","","غير موجودة محلياً (الفهرس يشير إلى Drive)","","منتجات البشرة/واقي الشمس زهري LOWE_S/_TON EŞİTLEYİCİ PEMBE GÜNEŞ KREMİ تفاصيل المنتج.pdf","لا ملف عبوة/تصميم بالمجلد"
"LW-SP-402","LSK-SUN-02","Anti-Blemish Sunscreen SPF50+","واقي الشمس المضاد للبقع","50 ml (1.7 fl.oz)","ANTI BLEMISH BROAD SPECTRUM SUNSCREEN","50","LOWE'S profesyonel","غير مقروء آلياً","CEELLO KOZMETİK (بيان الشراكة التصنيعية — وثيقة أعدّتها الشركة)","","LWM 001     ","","غير موجود ضمن الملفات المتاحة","","","التسجيل مؤكد من الإدارة؛ إثبات التسجيل لم يُعثر عليه ضمن الملفات المتاحة","","3 ملفات (Stability/Challenge/Microbiological)","منتجات البشرة/واقي الشمس اورانج LOWE_S/Lowes - Anti Blemish Sunscreen - Box Güncel.pdf | منتجات البشرة/واقي الشمس اورانج LOWE_S/LOWE_S ANTI BLEMISH SUNSCREEN/Lowes - Anti Blemish Sunscreen - Box Güncel (1).pdf | منتجات البشرة/واقي الشمس اورانج LOWE_S/Lowes - Anti Blemish Sunscreen - Print (1) (1).pdf","منتجات البشرة/واقي الشمس اورانج LOWE_S/ANTI BLEMISH SUNSCREEN 50 ML.pdf | منتجات البشرة/واقي الشمس اورانج LOWE_S/Lowes – Anti Blemish Sunscreenتفاصيل المنتج.pdf","عبوة موجودة؛ EAN غير مقروء آلياً"
"LW-MK-501","LSK-MSK-01","Collagen Hydro Bomb Mask","ماسك الكولاجين المائي","50 ml (1.7 fl.oz)","YOUN NEMLENDRC KOLAJEN MASKE","50","LOWE'S profesyonel","غير مقروء آلياً","CEELLO KOZMETİK (بيان الشراكة التصنيعية — وثيقة أعدّتها الشركة)","","LWH 001","","غير موجود ضمن الملفات المتاحة","","","التسجيل مؤكد من الإدارة؛ إثبات التسجيل لم يُعثر عليه ضمن الملفات المتاحة","","3 ملفات (Stability/Challenge/Microbiological)","منتجات البشرة/ماسك الكولاجين LOWE_S/Lowes - Collagen Hydro Bomb Mask - Box.pdf | منتجات البشرة/ماسك الكولاجين LOWE_S/LOWE_S COLLAGEN HYDRO BOMB MASK/Lowes - Collagen Hydro Bomb Mask - Box (1).pdf | منتجات البشرة/ماسك الكولاجين LOWE_S/Lowes - Collagen Hydro Bomb Mask - Print.pdf","منتجات البشرة/ماسك الكولاجين LOWE_S/Lowes – Collagen Hydro Bomb Maskتفاصيل المنتج.pdf","عبوة موجودة؛ EAN غير مقروء آلياً"
"LW-TN-601","LSK-TNR-02","Rice Milk Toner","تونر حليب الأرز","200 ml (6.76 fl.oz)","غير مقروء آلياً (نص مُحوَّل لمنحنيات)","","LOWE'S profesyonel","غير مقروء آلياً","CEELLO KOZMETİK (بيان الشراكة التصنيعية — وثيقة أعدّتها الشركة)","","","","غير موجود ضمن الملفات المتاحة","","","التسجيل مؤكد من الإدارة؛ إثبات التسجيل لم يُعثر عليه ضمن الملفات المتاحة","","غير موجودة محلياً (الفهرس يشير إلى Drive)","منتجات البشرة/بكج الرزlowes_/تونر الرز LOWES_/Lowes - Rice Milk Tonic - Print.pdf","منتجات البشرة/بكج الرزlowes_/تونر الرز LOWES_/مواصفات المنتج.pdf","عبوة موجودة؛ EAN غير مقروء آلياً"
"LW-SR-108","LSK-SER-08","Rice Milk Serum","سيروم حليب الأرز","30 ml (1.00 fl.oz)","RICE MILK SERUM","","LOWE'S profesyonel","غير مقروء آلياً","CEELLO KOZMETİK (بيان الشراكة التصنيعية — وثيقة أعدّتها الشركة)","","","","غير موجود ضمن الملفات المتاحة","","","التسجيل مؤكد من الإدارة؛ إثبات التسجيل لم يُعثر عليه ضمن الملفات المتاحة","","غير موجودة محلياً (الفهرس يشير إلى Drive)","منتجات البشرة/بكج الرزlowes_/سيروم الرز lowes/Lowes - Rice Milk Serum - Box Revize.pdf | منتجات البشرة/بكج الرزlowes_/سيروم الرز lowes/Lowes - Rice Milk Serum - Print.pdf","منتجات البشرة/بكج الرزlowes_/سيروم الرز lowes/‏تفاصيل المنتج_.pdf","عبوة موجودة؛ EAN غير مقروء آلياً"
"LW-CR-303","LSK-CRM-02","Rice Milk Spot Cream","كريم حليب الأرز للبقع","50 ml (1.7 fl.oz)","غير مقروء آلياً (نص مُحوَّل لمنحنيات)","","LOWE'S profesyonel","غير مقروء آلياً","CEELLO KOZMETİK (بيان الشراكة التصنيعية — وثيقة أعدّتها الشركة)","","","","غير موجود ضمن الملفات المتاحة","","","التسجيل مؤكد من الإدارة؛ إثبات التسجيل لم يُعثر عليه ضمن الملفات المتاحة","","غير موجودة محلياً (الفهرس يشير إلى Drive)","منتجات البشرة/بكج الرزlowes_/كريم الرزLOWES/Lowes - Rice Milk Spot Cream - Box.pdf | منتجات البشرة/بكج الرزlowes_/كريم الرزLOWES/Lowes - Rice Milk Spot Cream - Print.pdf","منتجات البشرة/بكج الرزlowes_/كريم الرزLOWES/Rice Milk Spot Cream تفاصيل المنتج.pdf","عبوة موجودة؛ EAN غير مقروء آلياً"
"LW-HR-801","LHR-SHM-01","Rosemary Shampoo","شامبو الروزماري","250 ml (8.45 fl.oz)","غير مقروء آلياً (نص مُحوَّل لمنحنيات)","","LOWE'S profesyonel","غير مقروء آلياً","CEELLO KOZMETİK (بيان الشراكة التصنيعية — وثيقة أعدّتها الشركة)","","LRS 004     ","","غير موجود ضمن الملفات المتاحة","","","التسجيل مؤكد من الإدارة؛ إثبات التسجيل لم يُعثر عليه ضمن الملفات المتاحة","","غير موجودة محلياً (الفهرس يشير إلى Drive)","منتجات الشعر/شامبو الشعر LOWE_S/Lowes - Rosemary Shampoo - Print.pdf","منتجات الشعر/شامبو الشعر LOWE_S/_BİBERİYE ŞAMPUANI تفاصيل المنتج.pdf","عبوة موجودة؛ EAN غير مقروء آلياً"
"LW-HR-802","LHR-TNR-01","Pure Rosemary Water","ماء الروزماري النقي","100 ml (3.38 fl.oz)","غير مقروء آلياً (نص مُحوَّل لمنحنيات)","100","LOWE'S profesyonel","غير مقروء آلياً","CEELLO KOZMETİK (بيان الشراكة التصنيعية — وثيقة أعدّتها الشركة)","","LPR 004     ","","غير موجود ضمن الملفات المتاحة","","","التسجيل مؤكد من الإدارة؛ إثبات التسجيل لم يُعثر عليه ضمن الملفات المتاحة","","غير موجودة محلياً (الفهرس يشير إلى Drive)","منتجات الشعر/تونر الشعر LOWE_S/Lowes - Pure Rosemary Water - Box (2).pdf | منتجات الشعر/تونر الشعر LOWE_S/Lowes - Pure Rosemary Water - Box.pdf | منتجات الشعر/تونر الشعر LOWE_S/Lowes - Pure Rosemary Water - Print (2).pdf","منتجات الشعر/تونر الشعر LOWE_S/_SAF BİBERİYE SUYU تفاصيل المنتج.pdf","عبوة موجودة؛ EAN غير مقروء آلياً"
"LW-HR-803","LHR-OIL-01","Rosemary Hair Oil","زيت الروزماري","50 ml (1.7 fl.oz)","غير مقروء آلياً (نص مُحوَّل لمنحنيات)","","LOWE'S profesyonel","غير مقروء آلياً","CEELLO KOZMETİK (بيان الشراكة التصنيعية — وثيقة أعدّتها الشركة)","8684272100471","LBH 004     ","","غير موجود ضمن الملفات المتاحة","","","التسجيل مؤكد من الإدارة؛ إثبات التسجيل لم يُعثر عليه ضمن الملفات المتاحة","","غير موجودة محلياً (الفهرس يشير إلى Drive)","منتجات الشعر/سيروم الشعر LOWE_S/Lowes - Rosemary Hair Oil - Box (1).pdf | منتجات الشعر/سيروم الشعر LOWE_S/Lowes - Rosemary Hair Oil - Print.pdf","منتجات الشعر/سيروم الشعر LOWE_S/Rosemary Hair Oil تفاصيل المنتج.pdf","عبوة + EAN مطبوع + مطابقة الحجم"
"LW-MN-901","LHR-BRD-01","Beard Serum","سيروم اللحية","30 ml (1.00 fl.oz)","لا عبوة","","","","CEELLO KOZMETİK (بيان الشراكة التصنيعية — وثيقة أعدّتها الشركة)","","","","غير موجود ضمن الملفات المتاحة","","","التسجيل مؤكد من الإدارة؛ إثبات التسجيل لم يُعثر عليه ضمن الملفات المتاحة","","غير موجودة محلياً (الفهرس يشير إلى Drive)","","","لا ملف عبوة/تصميم بالمجلد"
"LW-BD-701","LBD-GEL-01","Body Firming Gel","جل شدّ الجسم والسيلوليت","250 ml (8.45 fl.oz)","غير مقروء آلياً (نص مُحوَّل لمنحنيات)","","LOWE'S profesyonel","غير مقروء آلياً","CEELLO KOZMETİK (بيان الشراكة التصنيعية — وثيقة أعدّتها الشركة)","","","","غير موجود ضمن الملفات المتاحة","","","التسجيل مؤكد من الإدارة؛ إثبات التسجيل لم يُعثر عليه ضمن الملفات المتاحة","منتجات الجسم/كريم التشققات LOWE_S/ÜTS ürün kaydı.png","غير موجودة محلياً (الفهرس يشير إلى Drive)","منتجات الجسم/كريم التشققات LOWE_S/Lowes - Body Firming Gel - Print (1).pdf","منتجات الجسم/كريم التشققات LOWE_S/_SIKILAŞTIRICI VÜCUT BAKIM JELİ تفاصيل المنتج.pdf","عبوة موجودة؛ EAN غير مقروء آلياً"
"LW-BD-703","LBD-CRM-01","Foot Care Cream","كريم العناية بالقدمين","100 ml (3.38 fl.oz)","LOWE'S FOOT CARE CREAM AYAK BAKIM KREM","","","","CEELLO KOZMETİK (بيان الشراكة التصنيعية — وثيقة أعدّتها الشركة)","","","","غير موجود ضمن الملفات المتاحة","","","التسجيل مؤكد من الإدارة؛ إثبات التسجيل لم يُعثر عليه ضمن الملفات المتاحة","","3 ملفات (Stability/Challenge/Microbiological)","","منتجات الجسم/كريم القدمين LOWE_S/FOOT CARE CREAM 100 ML.pdf","لا ملف عبوة/تصميم بالمجلد"