bucket,name,tier,channel_type,classification,official_path_url,evidence_level,verified_at,fees,reason,direct_registration_confirmed
"1-قابلة للتقديم","Amazon UAE","A","Marketplace — self-service seller","تسجيل مباشر","https://sell.amazon.ae/","official_page_fetched","2026-10-09","عمولة الإحالة لفئة الجمال: 8% للمنتج بسعر 50 درهم أو أقل، و15% للأعلى من 50 (حد أدنى 1 درهم). حساب Professional بلا اشتراك شهري «لفترة محدودة». تخزين FBA 2 درهم","مسار تسجيل/مورد رسمي موثّق من صفحة رسمية (قبول LOWE'S غير مؤكد)","true"
"1-قابلة للتقديم","noon UAE","A","Marketplace — self-service seller","تسجيل مباشر","https://sell.noon.com/uae-en","official_page_fetched","2026-10-10","صفحة رسمية جُلبت 10/10: متطلبات التسجيل = بريد + هاتف + سجل تجاري/رخصة + هوية (جواز/هوية إماراتية)؛ نموذجا الشحن FBN/FBP؛ الرسوم «شفافة» بصفحة منفصلة (لم تُجلب)","مسار تسجيل/مورد رسمي موثّق من صفحة رسمية (قبول LOWE'S غير مؤكد) | عمولة Hair, Skin & Personal Care 8% (≤50 د) / 15% (>50)، حد أدنى 1 د؛ تخزين FBN 1.75 د/قدم³/شهر من 1/10/2026 — Official_Terms_Fees_2026-10-10.md","false"
"1-قابلة للتقديم","Tradeling","A","سوق B2B / جملة","تسجيل مباشر","https://www.tradeling.com/ae-en/page/become-a-seller","official_page_fetched","2026-10-09","الصفحة فيها عنوان «Commission structure» بلا أرقام. الدفع للبائع مرتين شهرياً","مسار تسجيل/مورد رسمي موثّق من صفحة رسمية (قبول LOWE'S غير مؤكد)","true"
"1-قابلة للتقديم","Begad","A","Marketplace / بوابة بائعين","تسجيل مباشر","https://www.begad.ae/ar/sell","official_page_fetched","2026-10-09","«تسجيل مجاني»، وعمولة «نسبة ثابتة لكل فئة» — النسب غير معلنة. البائعون المؤسسون يحصلون على أدنى شريحة","مسار تسجيل/مورد رسمي موثّق من صفحة رسمية (قبول LOWE'S غير مؤكد)","true"
"1-قابلة للتقديم","K Beauty Souq","A","K-beauty online","تسجيل مباشر","https://kbeautysouq.com/sell-with-us/","official_page_fetched","2026-10-09","غير معلن","مسار تسجيل/مورد رسمي موثّق من صفحة رسمية (قبول LOWE'S غير مؤكد)","true"
"1-قابلة للتقديم","Lets Tango","A","Marketplace","تسجيل مباشر (أولوية منخفضة)","https://sellers.letstango.com/newmarketplace","official_page_fetched","2026-10-09","غير معلن بالصفحة (نسبة 10% وردت بملخص طرف ثالث — غير معتمدة)","مسار تسجيل/مورد رسمي موثّق من صفحة رسمية (قبول LOWE'S غير مؤكد)","true"
"1-قابلة للتقديم","Trendyol (Gulf marketplace)","A","Marketplace (Turkish-origin, Gulf)","تسجيل مباشر","https://partner.trendyol.com/ae/onboarding/registration?lang=en-US","official_page_fetched","2026-10-10","صفحة رسمية جُلبت 10/10: نموذج تسجيل بائع محلي بالإمارات (اسم+هاتف+بريد) ثم رفع مستندات الشركة؛ فئة الجمال مذكورة؛ خصم عمولة 30% لشهرين لمن يرفع منتجاته خلال 7 أ","مسار تسجيل/مورد رسمي موثّق من صفحة رسمية (قبول LOWE'S غير مؤكد)","false"
"1-قابلة للتقديم","Dayjour","A","Hair care + salon furniture (Sharjah address)","تسجيل مباشر","https://dayjour.net/sub-sellers/registration","official_page_fetched","2026-10-09","غير معلن","مسار تسجيل/مورد رسمي موثّق من صفحة رسمية (قبول LOWE'S غير مؤكد)","true"
"1-قابلة للتقديم","Xpressions Style","B","متجر/بوابة بيع","اتفاق توزيع محتمل","https://xpressions.ae/pages/welcome-to-the-xpressions-style-partner-program","official_page_fetched","2026-10-09","غير معلن","مسار تسجيل/مورد رسمي موثّق من صفحة رسمية (قبول LOWE'S غير مؤكد)","false"
"1-قابلة للتقديم","Pharmalink (Medicina operator)","B","Pharma distributor + pharmacy chain","اتفاق توزيع محتمل","https://pharmalink.ae/contact/","official_page_fetched","2026-10-09","غير معروف","مسار تسجيل/مورد رسمي موثّق من صفحة رسمية (قبول LOWE'S غير مؤكد)","false"
"1-قابلة للتقديم","LSM Trading","B","Professional beauty distributor GCC","اتفاق توزيع محتمل","https://lsmtrading.com/wholesale/","official_page_fetched","2026-10-09","غير معروف","مسار تسجيل/مورد رسمي موثّق من صفحة رسمية (قبول LOWE'S غير مؤكد)","false"
"1-قابلة للتقديم","Mumzworld","C","بوابة تسجيل مورد","تقديم مورد (ملاءمة ضعيفة)","https://landing.seller.mumzworld.com/sell","official_page_fetched","2026-10-09","غير معلن بالصفحة","مسار تسجيل/مورد رسمي موثّق من صفحة رسمية (قبول LOWE'S غير مؤكد)","false"
"1-قابلة للتقديم","LOOKFANTASTIC UAE","C","متجر تجميل أونلاين","تقديم مورد","https://www.lookfantastic.ae/c/info/partnerships-suppliers/","official_page_fetched","2026-10-09","غير معلن","مسار تسجيل/مورد رسمي موثّق من صفحة رسمية (قبول LOWE'S غير مؤكد) | صفحة رسمية: المراسلة عبر partnerships@thehutgroup.com؛ لا شروط ولا رسوم منشورة","false"
"1-قابلة للتقديم","Talabat UAE","C","تطبيق توصيل/متاجر محلية","تقديم مورد","https://ae.partner.talabat.com/s/?language=en_US&utm_source=homepage&utm_medium=referral&utm_campaign=top_banner","official_page_fetched","2026-10-09","الصفحة تشرح أن هناك «رسوم عمولة» بلا أرقام","مسار تسجيل/مورد رسمي موثّق من صفحة رسمية (قبول LOWE'S غير مؤكد)","false"
"1-قابلة للتقديم","Nice One","C","متجر تجميل إقليمي","تقديم مورد","https://partners.niceonesa.com/register","official_page_fetched","2026-10-09","غير معروف","مسار تسجيل/مورد رسمي موثّق من صفحة رسمية (قبول LOWE'S غير مؤكد)","false"
"1-قابلة للتقديم","Union Coop","C","Cooperative retail","تقديم مورد","https://corporate.unioncoop.ae/en/business-opportunities/suppliers-registrations/","official_page_fetched","2026-10-09","غير معروف","مسار تسجيل/مورد رسمي موثّق من صفحة رسمية (قبول LOWE'S غير مؤكد) | نماذج PDF رسمية لتسجيل مورد؛ المستندات غير مقروءة؛ بقالة — ملاءمة منخفضة","false"
"2-تحتاج تأكيداً","Madi International","B","موزع متعدد العلامات","اتفاق توزيع محتمل","","file_claim_only","2026-10-09","غير معروف","الموقع غير قابل للوصول آلياً","false"
"2-تحتاج تأكيداً","Bulandi Distributors","B","Distributor FZCO","اتفاق توزيع محتمل","","site_active_no_program_page_confirmed","2026-10-09","غير معروف","لا صفحة مسار رسمية مؤكدة","false"
"2-تحتاج تأكيداً","Figta Beauty Perfumes & Cosmetics Trading","B","K-beauty distributor (Dubai, Al Qusais)","اتفاق توزيع محتمل","","file_claim_only","2026-10-09","غير معروف","الموقع غير قابل للوصول آلياً","false"
"2-تحتاج تأكيداً","Multiplex International","B","Beauty distributor","اتفاق توزيع محتمل","","site_active_no_program_page_confirmed","2026-10-09","غير معروف","لا صفحة مسار رسمية مؤكدة","false"
"2-تحتاج تأكيداً","Gomi Mall","B","K-beauty B2C+B2B distributor (UAE)","اتفاق توزيع محتمل","","file_claim_only","2026-10-09","غير معروف","الموقع غير قابل للوصول آلياً","false"
"2-تحتاج تأكيداً","Beautetrade","B","Global B2B beauty marketplace (suppliers/buyers)","اتفاق توزيع محتمل","","site_active_no_program_page_confirmed","2026-10-09","غير معروف","لا صفحة مسار رسمية مؤكدة","false"
"2-تحتاج تأكيداً","Mestore (Al Jamal Enterprises) — Wholesale","B","Wholesale + retail cosmetics (Dubai/Sharjah)","اتفاق توزيع محتمل","","site_active_no_program_page_confirmed","2026-10-09","غير معروف","لا صفحة مسار رسمية مؤكدة","false"
"2-تحتاج تأكيداً","Glamour Faces Perfumes & Cosmetics Trading","B","Cosmetics wholesale supplier (Dubai)","اتفاق توزيع محتمل","","site_active_no_program_page_confirmed","2026-10-09","غير معروف","لا صفحة مسار رسمية مؤكدة","false"
"2-تحتاج تأكيداً","IBS Beauty","B","Wholesale cosmetics/haircare/skincare + B2B (Dubai)","اتفاق توزيع محتمل","","site_active_no_program_page_confirmed","2026-10-09","غير معروف","لا صفحة مسار رسمية مؤكدة","false"
"2-تحتاج تأكيداً","B-connected","B","Wholesale hair/skin + salon supplies (Dubai)","اتفاق توزيع محتمل","","site_active_no_program_page_confirmed","2026-10-09","غير معروف","لا صفحة مسار رسمية مؤكدة","false"
"2-تحتاج تأكيداً","TB East","B","Professional beauty store (salons/clinics)","اتفاق توزيع محتمل","","site_active_no_program_page_confirmed","2026-10-09","غير معروف","لا صفحة مسار رسمية مؤكدة","false"
"2-تحتاج تأكيداً","MLC Dubai Cosmetic Wholesale","B","Beauty wholesale for retailers/salons/distributors","اتفاق توزيع محتمل","","site_active_no_program_page_confirmed","2026-10-09","غير معروف","لا صفحة مسار رسمية مؤكدة","false"
"2-تحتاج تأكيداً","AlbastakiOnline","B","Wholesaler (Deira) beauty & grooming","اتفاق توزيع محتمل","","site_active_no_program_page_confirmed","2026-10-09","غير معروف","لا صفحة مسار رسمية مؤكدة","false"
"2-تحتاج تأكيداً","Al Basel Cosmetics","B","Wholesale & retail cosmetics (Sharjah)","اتفاق توزيع محتمل","","site_active_no_program_page_confirmed","2026-10-09","غير معروف","لا صفحة مسار رسمية مؤكدة","false"
"2-تحتاج تأكيداً","Doyen Wellness","B","Salon/spa products supplier (UAE, Sharjah page)","اتفاق توزيع محتمل","","site_active_no_program_page_confirmed","2026-10-09","غير معروف","لا صفحة مسار رسمية مؤكدة","false"
"2-تحتاج تأكيداً","SpaWorld UAE","B","Spa products supplier","اتفاق توزيع محتمل","","site_active_no_program_page_confirmed","2026-10-09","غير معروف","لا صفحة مسار رسمية مؤكدة","false"
"2-تحتاج تأكيداً","Dubai Wholesale Store","B","K-beauty wholesaler (MOQ 20 pcs)","اتفاق توزيع محتمل","","site_active_no_program_page_confirmed","2026-10-09","غير معروف","لا صفحة مسار رسمية مؤكدة","false"
"2-تحتاج تأكيداً","I Serena Trading","B","Wholesale beauty/skin/hair (MOQ 1000 AED)","اتفاق توزيع محتمل","","site_active_no_program_page_confirmed","2026-10-09","غير معروف","لا صفحة مسار رسمية مؤكدة","false"
"2-تحتاج تأكيداً","HMSN Boutique Trading","B","Wholesale cosmetic trading (UAE)","اتفاق توزيع محتمل","","site_active_no_program_page_confirmed","2026-10-09","غير معروف","لا صفحة مسار رسمية مؤكدة","false"
"2-تحتاج تأكيداً","Vivandi Distribution","B","Beauty/haircare distributor (Dubai, GCC)","اتفاق توزيع محتمل","","site_active_no_program_page_confirmed","2026-10-09","غير معروف","لا صفحة مسار رسمية مؤكدة","false"
"2-تحتاج تأكيداً","Dubai Beauty Wholesale","B","Beauty wholesale (Dubai)","اتفاق توزيع محتمل","","site_active_no_program_page_confirmed","2026-10-09","غير معروف","لا صفحة مسار رسمية مؤكدة","false"
"2-تحتاج تأكيداً","Fakhruddin Trading","B","Distributor — beauty/personal care/household (Dubai)","اتفاق توزيع محتمل","","site_active_no_program_page_confirmed","2026-10-09","غير معروف","لا صفحة مسار رسمية مؤكدة","false"
"2-تحتاج تأكيداً","Hamna General Trading","B","Wholesale general trading (UAE)","اتفاق توزيع محتمل","","site_active_no_program_page_confirmed","2026-10-09","غير معروف","لا صفحة مسار رسمية مؤكدة","false"
"2-تحتاج تأكيداً","Carrefour UAE","C","تجارة إلكترونية / شراكة توريد","تقديم مورد","https://www.majidalfuttaim.com/en/what-we-do/partner-with-us","parent_group_page_fetched","2026-10-09","غير معروف","الصفحة الرسمية عامة (Contact Us) بلا مسار مورّدين للتجميل — جُلبت 10/10","false"
"2-تحتاج تأكيداً","Lulu Hypermarket UAE","C","تجارة إلكترونية / توريد تجزئة","اتفاق توريد محتمل","","file_claim_only","2026-10-09","غير معروف","محمي ضد الفحص الآلي — يُتحقق يدوياً","false"
"2-تحتاج تأكيداً","Namshi","C","تجزئة أونلاين للأزياء والجمال","اتفاق توريد محتمل","","file_claim_only","2026-10-09","غير معروف","الموقع غير قابل للوصول آلياً","false"
"2-تحتاج تأكيداً","Bloomingdale's UAE","C","تجزئة فاخرة أونلاين","اتفاق توريد محتمل","","site_active_no_program_page_confirmed","2026-10-09","غير معروف","لا صفحة مسار رسمية مؤكدة","false"
"2-تحتاج تأكيداً","Watsons UAE","C","متجر تجميل متعدد العلامات","اتفاق توريد محتمل","","site_active_no_program_page_confirmed","2026-10-09","غير معروف","لا صفحة مسار رسمية مؤكدة","false"
"2-تحتاج تأكيداً","Faces UAE","C","متجر تجميل متعدد العلامات","اتفاق توريد محتمل","https://www.faces.ae/en/partnerwithfaces.html","site_active_no_program_page_confirmed","2026-10-09","غير معروف","لا صفحة مسار رسمية مؤكدة","false"
"2-تحتاج تأكيداً","Sephora UAE","C","متجر تجميل متعدد العلامات","اتفاق توريد محتمل","","file_claim_only","2026-10-09","غير معروف","محمي ضد الفحص الآلي — يُتحقق يدوياً","false"
"2-تحتاج تأكيداً","Areej","C","متجر تجميل","اتفاق توريد محتمل","","site_active_no_program_page_confirmed","2026-10-09","غير معروف","لا صفحة مسار رسمية مؤكدة","false"
"2-تحتاج تأكيداً","BeautyZone UAE","C","متجر تجميل أونلاين","اتفاق توريد محتمل","","site_active_no_program_page_confirmed","2026-10-09","غير معروف","لا صفحة مسار رسمية مؤكدة","false"
"2-تحتاج تأكيداً","Emiraa","C","متجر تجميل أونلاين","اتفاق توريد محتمل","","site_active_no_program_page_confirmed","2026-10-09","غير معروف","لا صفحة مسار رسمية مؤكدة","false"
"2-تحتاج تأكيداً","Rover Island","C","متجر تجميل أونلاين","اتفاق توريد محتمل","","site_active_no_program_page_confirmed","2026-10-09","غير معروف","لا صفحة مسار رسمية مؤكدة","false"
"2-تحتاج تأكيداً","Shop @ Crown","C","متجر تجميل أونلاين","اتفاق توريد محتمل","","site_active_no_program_page_confirmed","2026-10-09","غير معروف","لا صفحة مسار رسمية مؤكدة","false"
"2-تحتاج تأكيداً","K-Beauty Arabia","C","متجر/موزع تجميل كوري","اتفاق توريد محتمل","","site_active_no_program_page_confirmed","2026-10-09","غير معروف","لا صفحة مسار رسمية مؤكدة","false"
"2-تحتاج تأكيداً","BinSina Pharmacy","C","صيدلية أونلاين","اتفاق توريد محتمل","","file_claim_only","2026-10-09","غير معروف","الموقع غير قابل للوصول آلياً","false"
"2-تحتاج تأكيداً","myAster","C","صيدلية أونلاين","اتفاق توريد محتمل","","site_active_no_program_page_confirmed","2026-10-09","غير معروف","لا صفحة مسار رسمية مؤكدة","false"
"2-تحتاج تأكيداً","Life Pharmacy","C","صيدلية أونلاين","اتفاق توريد محتمل","","site_active_no_program_page_confirmed","2026-10-09","غير معروف","لا صفحة مسار رسمية مؤكدة","false"
"2-تحتاج تأكيداً","Chemist Warehouse UAE","C","صيدلية أونلاين","اتفاق توريد محتمل","","site_active_no_program_page_confirmed","2026-10-09","غير معروف","لا صفحة مسار رسمية مؤكدة","false"
"2-تحتاج تأكيداً","Boots UAE","C","صيدلية ومتجر تجميل","اتفاق توريد محتمل","","site_active_no_program_page_confirmed","2026-10-09","غير معروف","لا صفحة مسار رسمية مؤكدة","false"
"2-تحتاج تأكيداً","Supercare Pharmacy","C","صيدلية أونلاين","اتفاق توريد محتمل","","site_active_no_program_page_confirmed","2026-10-09","غير معروف","لا صفحة مسار رسمية مؤكدة","false"
"2-تحتاج تأكيداً","800Pharma","C","صيدلية أونلاين","اتفاق توريد محتمل","","site_active_no_program_page_confirmed","2026-10-09","غير معروف","لا صفحة مسار رسمية مؤكدة","false"
"2-تحتاج تأكيداً","Mediсina Pharmacy","C","صيدلية أونلاين","اتفاق توريد محتمل","","site_active_no_program_page_confirmed","2026-10-09","غير معروف","لا صفحة مسار رسمية مؤكدة","false"
"2-تحتاج تأكيداً","Cult Beauty","C","متجر تجميل دولي","اتفاق توريد محتمل","","site_active_no_program_page_confirmed","2026-10-09","غير معروف","لا صفحة مسار رسمية مؤكدة","false"
"2-تحتاج تأكيداً","Golden Scent","C","متجر تجميل وعطور إقليمي","اتفاق توريد محتمل","","site_active_no_program_page_confirmed","2026-10-09","غير معروف","لا صفحة مسار رسمية مؤكدة","false"
"2-تحتاج تأكيداً","Nazih","C","موزع/متجر احترافي للجمال","اتفاق توريد محتمل","","site_active_no_program_page_confirmed","2026-10-09","غير معروف","لا صفحة مسار رسمية مؤكدة","false"
"2-تحتاج تأكيداً","Powder.ae","C","Beauty marketplace (UAE)","اتفاق توريد محتمل","","site_active_no_program_page_confirmed","2026-10-09","غير معروف","لا صفحة مسار رسمية مؤكدة","false"
"2-تحتاج تأكيداً","Choithrams","C","Supermarket online","اتفاق توريد محتمل","","site_active_no_program_page_confirmed","2026-10-09","غير معروف","لا صفحة مسار رسمية مؤكدة","false"
"2-تحتاج تأكيداً","Tryano","C","Luxury retail online","اتفاق توريد محتمل","","site_active_no_program_page_confirmed","2026-10-09","غير معروف","لا صفحة مسار رسمية مؤكدة","false"
"2-تحتاج تأكيداً","Thumbay Pharmacy","C","Pharmacy online","اتفاق توريد محتمل","","file_claim_only","2026-10-09","غير معروف","الموقع غير قابل للوصول آلياً","false"
"2-تحتاج تأكيداً","Al Ain Pharmacy","C","Pharmacy chain","اتفاق توريد محتمل","","file_claim_only","2026-10-09","غير معروف","الموقع غير قابل للوصول آلياً","false"
"2-تحتاج تأكيداً","Medon Pharmacy","C","Pharmacy chain","اتفاق توريد محتمل","","site_active_no_program_page_confirmed","2026-10-09","غير معروف","لا صفحة مسار رسمية مؤكدة","false"
"2-تحتاج تأكيداً","Nahdi Online UAE","C","Pharmacy online","اتفاق توريد محتمل","","site_active_no_program_page_confirmed","2026-10-09","غير معروف","لا صفحة مسار رسمية مؤكدة","false"
"2-تحتاج تأكيداً","Lana Pharmacy","C","Pharmacy chain","اتفاق توريد محتمل","","file_claim_only","2026-10-09","غير معروف","الموقع غير قابل للوصول آلياً","false"
"2-تحتاج تأكيداً","Docib","C","Pharmacy online","اتفاق توريد محتمل","","file_claim_only","2026-10-09","غير معروف","الموقع غير قابل للوصول آلياً","false"
"2-تحتاج تأكيداً","Faith Pharmacy","C","Pharmacy chain","اتفاق توريد محتمل","","site_active_no_program_page_confirmed","2026-10-09","غير معروف","لا صفحة مسار رسمية مؤكدة","false"
"2-تحتاج تأكيداً","Zaitoon Pharmacy","C","Pharmacy (Ajman)","اتفاق توريد محتمل","","site_active_no_program_page_confirmed","2026-10-09","غير معروف","لا صفحة مسار رسمية مؤكدة","false"
"2-تحتاج تأكيداً","Glam Beaute","C","Beauty online","اتفاق توريد محتمل","","site_active_no_program_page_confirmed","2026-10-09","غير معروف","لا صفحة مسار رسمية مؤكدة","false"
"2-تحتاج تأكيداً","K-Secret","C","K-beauty retailer/distributor","اتفاق توريد محتمل","","file_claim_only","2026-10-09","غير معروف","محمي ضد الفحص الآلي — يُتحقق يدوياً","false"
"2-تحتاج تأكيداً","Lamise Beauty","C","K-beauty boutique","اتفاق توريد محتمل","","site_active_no_program_page_confirmed","2026-10-09","غير معروف","لا صفحة مسار رسمية مؤكدة","false"
"2-تحتاج تأكيداً","Nessa Beauty","C","K-beauty online","اتفاق توريد محتمل","","site_active_no_program_page_confirmed","2026-10-09","غير معروف","لا صفحة مسار رسمية مؤكدة","false"
"2-تحتاج تأكيداً","Beauty Korea Dubai","C","K-beauty distributor/retail","اتفاق توريد محتمل","","site_active_no_program_page_confirmed","2026-10-09","غير معروف","لا صفحة مسار رسمية مؤكدة","false"
"2-تحتاج تأكيداً","Mamoso K-Beauty","C","K-beauty retail","اتفاق توريد محتمل","","site_active_no_program_page_confirmed","2026-10-09","غير معروف","لا صفحة مسار رسمية مؤكدة","false"
"2-تحتاج تأكيداً","Puel Cosmetics","C","Wholesale hair","اتفاق توريد محتمل","","site_active_no_program_page_confirmed","2026-10-09","غير معروف","لا صفحة مسار رسمية مؤكدة","false"
"2-تحتاج تأكيداً","Majid Al Futtaim","C","Retail group","تقديم مورد","https://www.majidalfuttaim.com/en/what-we-do/partner-with-us","official_page_fetched","2026-10-09","غير معروف","الصفحة الرسمية عامة (Contact Us) بلا مسار مورّدين للتجميل — جُلبت 10/10","false"
"2-تحتاج تأكيداً","YesStyle","C","International K-beauty ships UAE","اتفاق توريد محتمل","","site_active_no_program_page_confirmed","2026-10-09","غير معروف","لا صفحة مسار رسمية مؤكدة","false"
"2-تحتاج تأكيداً","StyleKorean","C","International K-beauty","اتفاق توريد محتمل","","site_active_no_program_page_confirmed","2026-10-09","غير معروف","لا صفحة مسار رسمية مؤكدة","false"
"2-تحتاج تأكيداً","Cosmopolitan Beauty Trading","C","Salon-supply distributor + online store (Dubai)","اتفاق توريد محتمل","","site_active_no_program_page_confirmed","2026-10-09","غير معروف","لا صفحة مسار رسمية مؤكدة","false"
"2-تحتاج تأكيداً","Planet of Beauty Cosmetics Trading","C","Salon-supply distributor (Abu Dhabi)","اتفاق توريد محتمل","","site_active_no_program_page_confirmed","2026-10-09","غير معروف","لا صفحة مسار رسمية مؤكدة","false"
"2-تحتاج تأكيداً","Lavie Beauty & Cosmetics","C","Salon-supply online/warehouse (Ajman)","اتفاق توريد محتمل","","site_active_no_program_page_confirmed","2026-10-09","غير معروف","لا صفحة مسار رسمية مؤكدة","false"
"2-تحتاج تأكيداً","Skin Korea","C","K-beauty online","اتفاق توريد محتمل","","site_active_no_program_page_confirmed","2026-10-09","غير معروف","لا صفحة مسار رسمية مؤكدة","false"
"2-تحتاج تأكيداً","Korean Skincare Arabia","C","K-beauty online","اتفاق توريد محتمل","","site_active_no_program_page_confirmed","2026-10-09","غير معروف","لا صفحة مسار رسمية مؤكدة","false"
"2-تحتاج تأكيداً","Seoul Routine","C","K-beauty online","اتفاق توريد محتمل","","site_active_no_program_page_confirmed","2026-10-09","غير معروف","لا صفحة مسار رسمية مؤكدة","false"
"2-تحتاج تأكيداً","Argana Beauty","C","Beauty online","اتفاق توريد محتمل","","site_active_no_program_page_confirmed","2026-10-09","غير معروف","لا صفحة مسار رسمية مؤكدة","false"
"2-تحتاج تأكيداً","Beautfy","C","Beauty online","اتفاق توريد محتمل","","site_active_no_program_page_confirmed","2026-10-09","غير معروف","لا صفحة مسار رسمية مؤكدة","false"
"2-تحتاج تأكيداً","8 Bliss Beauty","C","Beauty online","اتفاق توريد محتمل","","site_active_no_program_page_confirmed","2026-10-09","غير معروف","لا صفحة مسار رسمية مؤكدة","false"
"2-تحتاج تأكيداً","Al Sultana","C","Beauty/natural online","اتفاق توريد محتمل","","site_active_no_program_page_confirmed","2026-10-09","غير معروف","لا صفحة مسار رسمية مؤكدة","false"
"2-تحتاج تأكيداً","Bella Vest","C","Beauty online","اتفاق توريد محتمل","","site_active_no_program_page_confirmed","2026-10-09","غير معروف","لا صفحة مسار رسمية مؤكدة","false"
"2-تحتاج تأكيداً","Relia Beauty","C","Beauty online","اتفاق توريد محتمل","","site_active_no_program_page_confirmed","2026-10-09","غير معروف","لا صفحة مسار رسمية مؤكدة","false"
"2-تحتاج تأكيداً","K Belle Bliss","C","K-beauty online","اتفاق توريد محتمل","","site_active_no_program_page_confirmed","2026-10-09","غير معروف","لا صفحة مسار رسمية مؤكدة","false"
"2-تحتاج تأكيداً","Sliczny","C","Beauty online","اتفاق توريد محتمل","","site_active_no_program_page_confirmed","2026-10-09","غير معروف","لا صفحة مسار رسمية مؤكدة","false"
"2-تحتاج تأكيداً","Mystiglam","C","K-beauty online","اتفاق توريد محتمل","","site_active_no_program_page_confirmed","2026-10-09","غير معروف","لا صفحة مسار رسمية مؤكدة","false"
"2-تحتاج تأكيداً","Dana Al Emarat Pharmacy","C","Hospital pharmacy (Abu Dhabi)","اتفاق توريد محتمل","","site_active_no_program_page_confirmed","2026-10-09","غير معروف","لا صفحة مسار رسمية مؤكدة","false"
"2-تحتاج تأكيداً","Nysaa (Nykaa x Apparel)","C","Beauty omnichannel","اتفاق توريد محتمل","","file_claim_only","2026-10-09","غير معروف","محمي ضد الفحص الآلي — يُتحقق يدوياً","false"
"2-تحتاج تأكيداً","SahaJamal Pharmacy","C","Pharmacy chain online","اتفاق توريد محتمل","","site_active_no_program_page_confirmed","2026-10-09","غير معروف","لا صفحة مسار رسمية مؤكدة","false"
"2-تحتاج تأكيداً","Gulf Pharmacy","C","Online pharmacy","اتفاق توريد محتمل","","site_active_no_program_page_confirmed","2026-10-09","غير معروف","لا صفحة مسار رسمية مؤكدة","false"
"2-تحتاج تأكيداً","Ulta Beauty UAE","C","Beauty retail (Alshaya)","اتفاق توريد محتمل","","file_claim_only","2026-10-09","غير معروف","محمي ضد الفحص الآلي — يُتحقق يدوياً","false"
"2-تحتاج تأكيداً","Matia Natural","C","Natural skincare online","اتفاق توريد محتمل","","site_active_no_program_page_confirmed","2026-10-09","غير معروف","لا صفحة مسار رسمية مؤكدة","false"
"2-تحتاج تأكيداً","Gomyz","C","Beauty/skincare online store","اتفاق توريد محتمل","","site_active_no_program_page_confirmed","2026-10-09","غير معروف","لا صفحة مسار رسمية مؤكدة","false"
"2-تحتاج تأكيداً","Glamazle","C","Beauty/skincare online store","اتفاق توريد محتمل","","site_active_no_program_page_confirmed","2026-10-09","غير معروف","لا صفحة مسار رسمية مؤكدة","false"
"2-تحتاج تأكيداً","Beauty Tribe","C","Multi-brand beauty online","اتفاق توريد محتمل","","site_active_no_program_page_confirmed","2026-10-09","غير معروف","لا صفحة مسار رسمية مؤكدة","false"
"2-تحتاج تأكيداً","Millia Cosmetics (Sharjah)","C","Cosmetics wholesale/retail (Sharjah)","اتفاق توريد محتمل","","site_active_no_program_page_confirmed","2026-10-09","غير معروف","لا صفحة مسار رسمية مؤكدة","false"
"2-تحتاج تأكيداً","Stylish Cosmetics (Sharjah)","C","Cosmetics wholesale/retail (Sharjah)","اتفاق توريد محتمل","","site_active_no_program_page_confirmed","2026-10-09","غير معروف","لا صفحة مسار رسمية مؤكدة","false"
"2-تحتاج تأكيداً","Ahaliamed Online Pharmacy","C","Online pharmacy (Abu Dhabi, delivery to Northern Emirates)","اتفاق توريد محتمل","","site_active_no_program_page_confirmed","2026-10-09","غير معروف","لا صفحة مسار رسمية مؤكدة","false"
"2-تحتاج تأكيداً","The Skincare Edit","C","Curated skincare store (Dubai)","اتفاق توريد محتمل","","site_active_no_program_page_confirmed","2026-10-09","غير معروف","لا صفحة مسار رسمية مؤكدة","false"
"2-تحتاج تأكيداً","Beauty On Wheels","C","Online beauty store (delivery Dubai/AD/Al Ain/Sharjah)","اتفاق توريد محتمل","","site_active_no_program_page_confirmed","2026-10-09","غير معروف","لا صفحة مسار رسمية مؤكدة","false"
"2-تحتاج تأكيداً","BMG Pharmacy","C","Online pharmacy (Al Khan, Sharjah)","اتفاق توريد محتمل","","site_active_no_program_page_confirmed","2026-10-09","غير معروف","لا صفحة مسار رسمية مؤكدة","false"
"2-تحتاج تأكيداً","Oriana Pharmacy","C","Online pharmacy (Sharjah, Northern Emirates)","اتفاق توريد محتمل","","site_active_no_program_page_confirmed","2026-10-09","غير معروف","لا صفحة مسار رسمية مؤكدة","false"
"2-تحتاج تأكيداً","Mirae Beauty Hub","C","K-beauty + Japanese haircare online (UAE)","اتفاق توريد محتمل","","site_active_no_program_page_confirmed","2026-10-09","غير معروف","لا صفحة مسار رسمية مؤكدة","false"
"2-تحتاج تأكيداً","K-Beauty Bliss UAE","C","K-beauty online (UAE)","اتفاق توريد محتمل","","site_active_no_program_page_confirmed","2026-10-09","غير معروف","لا صفحة مسار رسمية مؤكدة","false"
"2-تحتاج تأكيداً","K-City","C","K-beauty store + official distributor (Dubai)","اتفاق توريد محتمل","","site_active_no_program_page_confirmed","2026-10-09","غير معروف","لا صفحة مسار رسمية مؤكدة","false"
"2-تحتاج تأكيداً","LETOILE UAE","C","Online beauty store (UAE)","اتفاق توريد محتمل","","site_active_no_program_page_confirmed","2026-10-09","غير معروف","لا صفحة مسار رسمية مؤكدة","false"
"2-تحتاج تأكيداً","MAKEUP.ae","C","Online cosmetics/perfume store (UAE)","اتفاق توريد محتمل","","site_active_no_program_page_confirmed","2026-10-09","غير معروف","لا صفحة مسار رسمية مؤكدة","false"
"2-تحتاج تأكيداً","Bupa Pharmacy Abu Dhabi","C","Online pharmacy (Abu Dhabi) with beauty/skincare","اتفاق توريد محتمل","","site_active_no_program_page_confirmed","2026-10-09","غير معروف","لا صفحة مسار رسمية مؤكدة","false"
"2-تحتاج تأكيداً","Med7 Online","C","Online pharmacy (Dubai/Sharjah/AD) — derma cosmetics","اتفاق توريد محتمل","","site_active_no_program_page_confirmed","2026-10-09","غير معروف","لا صفحة مسار رسمية مؤكدة","false"
"2-تحتاج تأكيداً","i-health.ae","C","Health store with organic skincare (Dubai/AD)","اتفاق توريد محتمل","","site_active_no_program_page_confirmed","2026-10-09","غير معروف","لا صفحة مسار رسمية مؤكدة","false"
"2-تحتاج تأكيداً","Ounass","D","تجزئة فاخرة أونلاين","غير مؤكدة","","file_claim_only","2026-10-09","غير معروف","محمي ضد الفحص الآلي — يُتحقق يدوياً","false"
"2-تحتاج تأكيداً","Galeries Lafayette Dubai","D","متجر فاخر أونلاين","غير مؤكدة","","file_claim_only","2026-10-09","غير معروف","محمي ضد الفحص الآلي — يُتحقق يدوياً","false"
"2-تحتاج تأكيداً","Glowy","D","متجر تجميل أونلاين","غير مؤكدة","","site_active_no_program_page_confirmed","2026-10-09","غير معروف","لا صفحة مسار رسمية مؤكدة","false"
"2-تحتاج تأكيداً","iHerb UAE","D","متجر دولي","غير مؤكدة","","file_claim_only","2026-10-09","غير معروف","محمي ضد الفحص الآلي — يُتحقق يدوياً","false"
"2-تحتاج تأكيداً","Boutiqaat","D","منصة تجميل إقليمية","غير مؤكدة","","file_claim_only","2026-10-09","غير معروف","محمي ضد الفحص الآلي — يُتحقق يدوياً","false"
"2-تحتاج تأكيداً","Instagram Shop / Instagram Business","D","تجارة اجتماعية","غير مؤكدة","","file_claim_only","2026-10-09","غير معروف","الموقع غير قابل للوصول آلياً","false"
"2-تحتاج تأكيداً","TikTok for Business","D","تجارة اجتماعية/إعلانات","غير مؤكدة","","official_page_fetched","2026-10-09","غير معروف","لا صفحة مسار رسمية مؤكدة","false"
"2-تحتاج تأكيداً","WhatsApp Business","D","كتالوج وتواصل مباشر","غير مؤكدة","","file_claim_only","2026-10-09","غير معروف","الموقع غير قابل للوصول آلياً","false"
"2-تحتاج تأكيداً","Shopify Store","D","متجر إلكتروني تملكه العلامة","غير مؤكدة","","official_page_fetched","2026-10-09","غير معروف","لا صفحة مسار رسمية مؤكدة","false"
"2-تحتاج تأكيداً","Salla","D","منصة إنشاء متجر","غير مؤكدة","","file_claim_only","2026-10-09","غير معروف","محمي ضد الفحص الآلي — يُتحقق يدوياً","false"
"2-تحتاج تأكيداً","Zid","D","منصة إنشاء متجر","غير مؤكدة","","file_claim_only","2026-10-09","غير معروف","لا صفحة مسار رسمية مؤكدة","false"
"2-تحتاج تأكيداً","Sivvi","D","Fashion+beauty online","غير مؤكدة","","file_claim_only","2026-10-09","غير معروف","الموقع غير قابل للوصول آلياً","false"
"2-تحتاج تأكيداً","Styli","D","Fashion+beauty online","غير مؤكدة","","file_claim_only","2026-10-09","غير معروف","محمي ضد الفحص الآلي — يُتحقق يدوياً","false"
"2-تحتاج تأكيداً","6thStreet","D","Fashion+beauty online","غير مؤكدة","","file_claim_only","2026-10-09","غير معروف","محمي ضد الفحص الآلي — يُتحقق يدوياً","false"
"2-تحتاج تأكيداً","Dubizzle","D","Classifieds / social commerce","غير مؤكدة","","file_claim_only","2026-10-09","غير معروف","محمي ضد الفحص الآلي — يُتحقق يدوياً","false"
"2-تحتاج تأكيداً","InstaShop","D","Grocery/pharmacy q-commerce","غير مؤكدة","","file_claim_only","2026-10-09","غير معروف","محمي ضد الفحص الآلي — يُتحقق يدوياً","false"
"2-تحتاج تأكيداً","Waitrose UAE","D","Supermarket online","غير مؤكدة","","file_claim_only","2026-10-09","غير معروف","محمي ضد الفحص الآلي — يُتحقق يدوياً","false"
"2-تحتاج تأكيداً","Abu Dhabi Coop","D","Cooperative retail Abu Dhabi","غير مؤكدة","","file_claim_only","2026-10-09","غير معروف","الموقع غير قابل للوصول آلياً","false"
"2-تحتاج تأكيداً","Sharjah Coop","D","Cooperative retail Sharjah","غير مؤكدة","","site_active_no_program_page_confirmed","2026-10-09","غير معروف","لا صفحة مسار رسمية مؤكدة","false"
"2-تحتاج تأكيداً","Harvey Nichols Dubai","D","Luxury retail","غير مؤكدة","","file_claim_only","2026-10-09","غير معروف","الموقع غير قابل للوصول آلياً","false"
"2-تحتاج تأكيداً","Shofon","D","K-beauty online","غير مؤكدة","","file_claim_only","2026-10-09","غير معروف","الموقع غير قابل للوصول آلياً","false"
"2-تحتاج تأكيداً","Chicsta","D","K-beauty online","غير مؤكدة","","site_active_no_program_page_confirmed","2026-10-09","غير معروف","لا صفحة مسار رسمية مؤكدة","false"
"2-تحتاج تأكيداً","Blissology Beauty Supply","D","Distributor/supplier","غير مؤكدة","","file_claim_only","2026-10-09","غير معروف","الموقع غير قابل للوصول آلياً","false"
"2-تحتاج تأكيداً","Lacot General Trading","D","FMCG cosmetics distributor","غير مؤكدة","","file_claim_only","2026-10-09","غير معروف","الموقع غير قابل للوصول آلياً","false"
"2-تحتاج تأكيداً","Alshaya Group","D","Retail group / franchise","غير مؤكدة","","file_claim_only","2026-10-09","غير معروف","محمي ضد الفحص الآلي — يُتحقق يدوياً","false"
"2-تحتاج تأكيداً","Landmark Group","D","Retail group","غير مؤكدة","","file_claim_only","2026-10-09","غير معروف","محمي ضد الفحص الآلي — يُتحقق يدوياً","false"
"2-تحتاج تأكيداً","Al Tayer Group","D","Retail group","غير مؤكدة","","site_active_no_program_page_confirmed","2026-10-09","غير معروف","لا صفحة مسار رسمية مؤكدة","false"
"2-تحتاج تأكيداً","Rivoli Group","D","Retail/distribution","غير مؤكدة","","file_claim_only","2026-10-09","غير معروف","الموقع غير قابل للوصول آلياً","false"
"2-تحتاج تأكيداً","Jashanmal","D","Retail/distribution","غير مؤكدة","","file_claim_only","2026-10-09","غير معروف","الموقع غير قابل للوصول آلياً","false"
"2-تحتاج تأكيداً","Snapchat Business","D","Social commerce/ads","غير مؤكدة","","site_active_no_program_page_confirmed","2026-10-09","غير معروف","لا صفحة مسار رسمية مؤكدة","false"
"2-تحتاج تأكيداً","Facebook Marketplace / Meta Business","D","Social commerce","غير مؤكدة","","file_claim_only","2026-10-09","غير معروف","الموقع غير قابل للوصول آلياً","false"
"2-تحتاج تأكيداً","Ubuy UAE","D","Cross-border marketplace","غير مؤكدة","","file_claim_only","2026-10-09","غير معروف","محمي ضد الفحص الآلي — يُتحقق يدوياً","false"
"2-تحتاج تأكيداً","Alibaba.com UAE","D","Global B2B marketplace","غير مؤكدة","","file_claim_only","2026-10-09","غير معروف","الموقع غير قابل للوصول آلياً","false"
"2-تحتاج تأكيداً","Starlink Drug Store","D","Pharma/derma distributor (directory listing)","غير مؤكدة","","file_claim_only","2026-10-09","غير معروف","محمي ضد الفحص الآلي — يُتحقق يدوياً","false"
"2-تحتاج تأكيداً","Skin Garden","D","K-beauty online (3 brands)","غير مؤكدة","","file_claim_only","2026-10-09","غير معروف","الموقع غير قابل للوصول آلياً","false"
"2-تحتاج تأكيداً","1004 Gourmet","D","K-food/K-beauty retail","غير مؤكدة","","site_active_no_program_page_confirmed","2026-10-09","غير معروف","لا صفحة مسار رسمية مؤكدة","false"
"2-تحتاج تأكيداً","K-Beauty on Dubai","D","K-beauty retail","غير مؤكدة","","file_claim_only","2026-10-09","غير معروف","الموقع غير قابل للوصول آلياً","false"
"2-تحتاج تأكيداً","Dragon Mart online","D","General marketplace-retail","غير مؤكدة","","site_active_no_program_page_confirmed","2026-10-09","غير معروف","لا صفحة مسار رسمية مؤكدة","false"
"2-تحتاج تأكيداً","Brands For Less","D","Off-price retail online","غير مؤكدة","","file_claim_only","2026-10-09","غير معروف","محمي ضد الفحص الآلي — يُتحقق يدوياً","false"
"2-تحتاج تأكيداً","Beauty Apotheca","D","Boutique beauty retailer","غير مؤكدة","","file_claim_only","2026-10-09","غير معروف","الموقع غير قابل للوصول آلياً","false"
"2-تحتاج تأكيداً","SellShip","D","Open marketplace (UAE)","غير مؤكدة","","file_claim_only","2026-10-09","غير معروف","الموقع غير قابل للوصول آلياً","false"
"2-تحتاج تأكيداً","Nativ","D","Curated homegrown-brand marketplace","غير مؤكدة","","file_claim_only","2026-10-09","غير معروف","الموقع غير قابل للوصول آلياً","false"
"2-تحتاج تأكيداً","SJR Cosmetics","D","K/J-beauty online (Dubai)","غير مؤكدة","","file_claim_only","2026-10-09","غير معروف","محمي ضد الفحص الآلي — يُتحقق يدوياً","false"
"2-تحتاج تأكيداً","Apotheca Beauty","D","Premium skincare distributor (Dubai/Kuwait)","غير مؤكدة","","site_active_no_program_page_confirmed","2026-10-09","غير معروف","لا صفحة مسار رسمية مؤكدة","false"
"2-تحتاج تأكيداً","Cosmetica Beauty and Personal Care Trading","D","Salon/spa/beauty distributor (Dubai)","غير مؤكدة","","site_active_no_program_page_confirmed","2026-10-09","غير معروف","لا صفحة مسار رسمية مؤكدة","false"
"2-تحتاج تأكيداً","Hair Factory Cosmetics (Abu Dhabi)","D","Hair retailer/online (Abu Dhabi)","غير مؤكدة","","file_claim_only","2026-10-09","غير معروف","الموقع غير قابل للوصول آلياً","false"
"2-تحتاج تأكيداً","Beauty Pro Distributor","D","Distributor","غير مؤكدة","","file_claim_only","2026-10-09","غير معروف","الموقع غير قابل للوصول آلياً","false"
"2-تحتاج تأكيداً","Dermazone Store","D","Derma skincare online (GCC)","غير مؤكدة","","site_active_no_program_page_confirmed","2026-10-09","غير معروف","لا صفحة مسار رسمية مؤكدة","false"
"2-تحتاج تأكيداً","YallaHub","D","Quick-commerce marketplace aggregator (UAE)","غير مؤكدة","","file_claim_only","2026-10-09","غير معروف","الموقع غير قابل للوصول آلياً","false"
"2-تحتاج تأكيداً","Supersub","D","Livestream shopping platform (seller onboarding)","غير مؤكدة","","file_claim_only","2026-10-09","غير معروف","الموقع غير قابل للوصول آلياً","false"
"2-تحتاج تأكيداً","Al Anaqa & Al Jamal Cosmetics (Sharjah)","D","Cosmetics wholesale/retail (Sharjah)","غير مؤكدة","","file_claim_only","2026-10-09","غير معروف","الموقع غير قابل للوصول آلياً","false"
"2-تحتاج تأكيداً","Eva Cosmetics Trading (Abu Dhabi)","D","Cosmetics trading (Abu Dhabi)","غير مؤكدة","","file_claim_only","2026-10-09","غير معروف","الموقع غير قابل للوصول آلياً","false"
"2-تحتاج تأكيداً","Cosmovision GT","D","Beauty and medical wholesaler","غير مؤكدة","","file_claim_only","2026-10-09","غير معروف","الموقع غير قابل للوصول آلياً","false"
"2-تحتاج تأكيداً","Secret Skin","D","Clean beauty e-tailer (Dubai)","غير مؤكدة","","file_claim_only","2026-10-09","غير معروف","الموقع غير قابل للوصول آلياً","false"
"2-تحتاج تأكيداً","Glambox","D","Beauty subscription/e-tailer (UAE)","غير مؤكدة","","file_claim_only","2026-10-09","غير معروف","الموقع غير قابل للوصول آلياً","false"
"2-تحتاج تأكيداً","Skin Solutions UAE (Ideal Beauty Solutions)","D","K-beauty select store","غير مؤكدة","","file_claim_only","2026-10-09","غير معروف","الموقع غير قابل للوصول آلياً","false"
"2-تحتاج تأكيداً","Beauty Nation","D","Multi-brand beauty online (Chalhoub)","غير مؤكدة","","file_claim_only","2026-10-09","غير معروف","الموقع غير قابل للوصول آلياً","false"
"2-تحتاج تأكيداً","Privae","D","Beauty/skin online","غير مؤكدة","","file_claim_only","2026-10-09","غير معروف","الموقع غير قابل للوصول آلياً","false"
"2-تحتاج تأكيداً","Nevi By Nature","D","Natural beauty online","غير مؤكدة","","site_active_no_program_page_confirmed","2026-10-09","غير معروف","لا صفحة مسار رسمية مؤكدة","false"
"2-تحتاج تأكيداً","Brandkyu","D","Brand/retail platform","غير مؤكدة","","site_active_no_program_page_confirmed","2026-10-09","غير معروف","لا صفحة مسار رسمية مؤكدة","false"
"2-تحتاج تأكيداً","Omni The Label","D","Label/online store","غير مؤكدة","","site_active_no_program_page_confirmed","2026-10-09","غير معروف","لا صفحة مسار رسمية مؤكدة","false"
"2-تحتاج تأكيداً","Bloomha","D","K-beauty online store","غير مؤكدة","","file_claim_only","2026-10-09","غير معروف","محمي ضد الفحص الآلي — يُتحقق يدوياً","false"
"2-تحتاج تأكيداً","Beauty Solutions","D","Beauty e-commerce","غير مؤكدة","","site_active_no_program_page_confirmed","2026-10-09","غير معروف","لا صفحة مسار رسمية مؤكدة","false"
"2-تحتاج تأكيداً","Emirates Coop — Supplier Login","D","Cooperative supplier portal","غير مؤكدة","","file_claim_only","2026-10-09","غير معروف","محمي ضد الفحص الآلي — يُتحقق يدوياً","false"
"2-تحتاج تأكيداً","The Beauty Oasis (Ajman)","D","Skin/hair products online (Ajman)","غير مؤكدة","","file_claim_only","2026-10-09","غير معروف","الموقع غير قابل للوصول آلياً","false"
"2-تحتاج تأكيداً","DeliverIt Marketplace","D","UAE marketplace (seller registration)","غير مؤكدة","","site_active_no_program_page_confirmed","2026-10-09","غير معروف","لا صفحة مسار رسمية مؤكدة","false"
"2-تحتاج تأكيداً","Groupon UAE","D","Deals marketplace","غير مؤكدة","","file_claim_only","2026-10-09","غير معروف","محمي ضد الفحص الآلي — يُتحقق يدوياً","false"
"2-تحتاج تأكيداً","Basharacare","D","Online skincare retailer (Dubai)","غير مؤكدة","","site_active_no_program_page_confirmed","2026-10-09","غير معروف","لا صفحة مسار رسمية مؤكدة","false"
"2-تحتاج تأكيداً","CarasaLab","D","Cosmetics wholesale distribution (UAE)","غير مؤكدة","","site_active_no_program_page_confirmed","2026-10-09","غير معروف","لا صفحة مسار رسمية مؤكدة","false"
"2-تحتاج تأكيداً","Cobone","D","Deals marketplace (sellers)","غير مؤكدة","","file_claim_only","2026-10-09","غير معروف","محمي ضد الفحص الآلي — يُتحقق يدوياً","false"
"2-تحتاج تأكيداً","OurShoppee","D","Marketplace (health and beauty among categories)","غير مؤكدة","","file_claim_only","2026-10-09","غير معروف","الموقع غير قابل للوصول آلياً","false"
"2-تحتاج تأكيداً","M7L","D","Seller platform (subscription model)","غير مؤكدة","","file_claim_only","2026-10-09","غير معروف","الموقع غير قابل للوصول آلياً","false"
"2-تحتاج تأكيداً","CHS Community Pharmacy (online)","D","Online pharmacy (Dubai/AD/Sharjah)","غير مؤكدة","","file_claim_only","2026-10-09","غير معروف","الموقع غير قابل للوصول آلياً","false"
"2-تحتاج تأكيداً","Soukare","D","Online pharmacy/health store","غير مؤكدة","","file_claim_only","2026-10-09","غير معروف","محمي ضد الفحص الآلي — يُتحقق يدوياً","false"
"2-تحتاج تأكيداً","Valeo (Feelvaleo)","D","Skincare/wellness platform (UAE)","غير مؤكدة","","file_claim_only","2026-10-09","غير معروف","محمي ضد الفحص الآلي — يُتحقق يدوياً","false"
"2-تحتاج تأكيداً","Abraa","D","B2B wholesale marketplace (Dubai)","غير مؤكدة (سوق B2B محتمل)","","file_claim_only","2026-10-09","غير معروف","محمي ضد الفحص الآلي — يُتحقق يدوياً","false"
"2-تحتاج تأكيداً","Beauty Solutions ME","D","Online makeup & skincare store (UAE)","غير مؤكدة","","site_active_no_program_page_confirmed","2026-10-09","غير معروف","لا صفحة مسار رسمية مؤكدة","false"
"2-تحتاج تأكيداً","Turkish Souq","D","Turkish products online (market unclear)","غير مؤكدة","","site_active_no_program_page_confirmed","2026-10-09","غير معروف","لا صفحة مسار رسمية مؤكدة","false"
"2-تحتاج تأكيداً","Centrepoint (Landmark) — Beauty","D","Department store online — beauty/K-beauty","غير مؤكدة","","file_claim_only","2026-10-09","غير معروف","محمي ضد الفحص الآلي — يُتحقق يدوياً","false"
"2-تحتاج تأكيداً","Nesto Group","D","Hypermarket chain (HQ Sharjah)","غير مؤكدة","","file_claim_only","2026-10-09","غير معروف","الموقع غير قابل للوصول آلياً","false"
"2-تحتاج تأكيداً","EBEAUTYTRADE","D","B2B multi-vendor platform — professional & wholesale beauty (ME)","غير مؤكدة (منصة B2B محتملة)","","file_claim_only","2026-10-09","غير معروف","الموقع غير قابل للوصول آلياً","false"
"2-تحتاج تأكيداً","THAT Concept Store","D","Concept store — beauty/hair care (Dubai)","غير مؤكدة","","file_claim_only","2026-10-09","غير معروف","الموقع غير قابل للوصول آلياً","false"
"2-تحتاج تأكيداً","SAFCO International","D","FMCG distributor (UAE)","غير مؤكدة","","site_active_no_program_page_confirmed","2026-10-09","غير معروف","لا صفحة مسار رسمية مؤكدة","false"
"2-تحتاج تأكيداً","Modern General Trading (MGT)","D","Distributor (UAE)","غير مؤكدة","","file_claim_only","2026-10-09","غير معروف","الموقع غير قابل للوصول آلياً","false"
"2-تحتاج تأكيداً","Gorgeous Shop","D","Multi-brand organic/natural beauty store (UAE)","غير مؤكدة","","file_claim_only","2026-10-09","غير معروف","محمي ضد الفحص الآلي — يُتحقق يدوياً","false"
"3-غير مناسبة","Sharaf DG","E","Marketplace/تجزئة عامة","غير مناسبة","","file_claim_only","2026-10-09","غير معروف","متجر إلكترونيات؛ لا دليل على فئة تجميل. بوابة DG Business (business.sharafdg.com) موجهة للمشترين التجاريين وتحجب الفحص.","false"
"3-غير مناسبة","Deliveroo UAE","E","تطبيق توصيل ومتاجر","غير مناسبة","","site_active_no_program_page_confirmed","2026-10-09","غير معروف","تطبيق توصيل؛ لا دليل على قبول مستحضرات تجميل من علامات جديدة، وأولويته منخفضة بملفك.","false"
"3-غير مناسبة","OpenSooq UAE","E","Classifieds / social commerce","غير مناسبة","","site_active_no_program_page_confirmed","2026-10-09","غير معروف","منصة إعلانات مبوبة (صفحة sell-any-thing لبيع الأفراد) — لا تناسب علامة تجارية تبحث عن توزيع منظم.","false"
"3-غير مناسبة","Kibsons","E","Online grocery","غير مناسبة","","file_claim_only","2026-10-09","غير معروف","متجر خضار وبقالة طازجة؛ لا علاقة بفئة التجميل.","false"
"3-غير مناسبة","Spinneys UAE","E","Supermarket online","غير مناسبة","","file_claim_only","2026-10-09","غير معروف","المسار الوحيد المنشور للموردين برنامج Local Business Incubator لمنتجات غذائية محلية بحصرية 6 أشهر — لا يناسب LOWE'S.","false"
"3-غير مناسبة","Spacenk","E","International beauty ships UAE","غير مناسبة","","file_claim_only","2026-10-09","غير معروف","متجر بريطاني (نسخة UK)، ليس جهة إماراتية.","false"
"3-غير مناسبة","Feelunique","E","International beauty ships UAE","غير مناسبة","","file_claim_only","2026-10-09","غير معروف","متجر بريطاني دولي يحجب الفحص؛ ليس قناة إماراتية.","false"
"3-غير مناسبة","PerfumeUAE","E","Perfume/cosmetic wholesale","غير مناسبة","","file_claim_only","2026-10-09","غير معروف","متجر عطور بالدرجة الأولى؛ خارج نطاق العناية بالبشرة والشعر.","false"
"3-غير مناسبة","Dubai Traders (DET programme)","E","Government programme hosted on Amazon/noon","غير مناسبة","","file_claim_only","2026-10-09","غير معروف","برنامج حكومي (DET) تستضيفه Amazon وnoon لأصحاب رخص دبي — ليس قناة بيع مستقلة، لكنه ذو صلة بأهلية الرخصة عند التسجيل بهما.","false"
"3-غير مناسبة","Fragrancia","E","Fragrance retailer online (Sharjah)","غير مناسبة","","site_active_no_program_page_confirmed","2026-10-09","غير معروف","متجر عطور فقط — خارج نطاق العناية بالبشرة والشعر","false"
"3-غير مناسبة","Lattafa Perfumes UAE","E","Fragrance brand store (Sharjah)","غير مناسبة","","site_active_no_program_page_confirmed","2026-10-09","غير معروف","متجر علامة عطور واحدة — خارج النطاق","false"
"3-غير مناسبة","Crafty UAE","E","Handmade/craft marketplace","غير مناسبة","","site_active_no_program_page_confirmed","2026-10-09","غير معروف","سوق مصنوعات يدوية وهدايا محلية (صفحة onboarding موجودة لكن للحرفيين) — لا يناسب علامة عناية صناعية.","false"
"3-غير مناسبة","FirstCry UAE","E","Kids marketplace","غير مناسبة","","file_claim_only","2026-10-09","غير معروف","منصة أطفال وأمومة؛ لا تناسب خط العناية العام.","false"
"3-غير مناسبة","Care to Beauty UAE","E","Online pharmacy-beauty (EU/K skincare) shipping UAE","غير مناسبة","","file_claim_only","2026-10-09","غير معروف","متجر دولي يحجب الفحص ويشحن إلى الإمارات؛ لا دليل على كيان إماراتي.","false"
"3-غير مناسبة","Jaleel Cash and Carry","E","Cash & carry for retailers (Dubai)","غير مناسبة","","site_active_no_program_page_confirmed","2026-10-09","غير معروف","تاجر جملة FMCG بتركيز غذائي («Wholesale Food Suppliers»)؛ روابط «register distributor/be partner» أعادت 404.","false"
"3-غير مناسبة","Al Maya Distribution","E","FMCG distributor (UAE)","غير مناسبة","","site_active_no_program_page_confirmed","2026-10-09","غير معروف","موزع أغذية («Food Distribution Companies in UAE») — خارج فئة العناية.","false"
"3-غير مناسبة","Shift Eco","E","Sustainable/organic skincare store (Dubai)","غير مناسبة","","site_active_no_program_page_confirmed","2026-10-09","غير معروف","الموقع يقدّم حلول استدامة للشركات (عنوانه «Sustainable Solutions & Products for UAE Businesses») — ليس متجر تجميل متعدد العلامات.","false"
"3-غير مناسبة","BNB Store (bodynbodystore)","E","Skincare store (Deira, Dubai)","غير مناسبة","","site_active_no_program_page_confirmed","2026-10-09","غير معروف","متجر علامة واحدة (منتجات BNB الخاصة) — لا يُدرج علامات أخرى.","false"