platform_name,platform_tier,platform_role,platform_website,match_basis,lead_batch,lead_row,lead_name,lead_type,lead_category,lead_province,lead_priority,relation
"Amazon UAE","A","منصة بائعين (تسجيل مباشر)","https://sell.amazon.ae/","نفس الاسم","batch1","2","Amazon.ae","online","منصة متعددة البائعين","Nationwide","C","نفس الجهة: سجل ليدز + قناة بيع/توريد — لا تُدمج السجلات"
"noon UAE","D","منصة بائعين (تسجيل مباشر)","https://sell.noon.com/uae-en/getting-started","نفس الاسم","batch1","1","noon","online","منصة متعددة البائعين","Nationwide","C","نفس الجهة: سجل ليدز + قناة بيع/توريد — لا تُدمج السجلات"
"Carrefour UAE","C","قناة مورد/علامة","https://www.carrefouruae.com/","نفس الموقع","batch1","4","Carrefour UAE Marketplace (Majid Al Futtaim)","online","منصة متعددة البائعين","Nationwide","C","نفس الجهة: سجل ليدز + قناة بيع/توريد — لا تُدمج السجلات"
"Namshi","C","متجر تجزئة متعدد العلامات","https://www.namshi.com/uae-en/","نفس الموقع","batch1","5","Namshi","online","متجر أونلاين — عام","Nationwide","C","نفس الجهة: سجل ليدز (عميل/موزع محتمل) + نقطة بيع محتملة"
"Bloomingdale's UAE","C","متجر تجزئة متعدد العلامات","https://bloomingdales.ae/","نفس الموقع","batch2","2","Bloomingdale's UAE","online","متجر أونلاين — عام","Nationwide","C","نفس الجهة: سجل ليدز (عميل/موزع محتمل) + نقطة بيع محتملة"
"Watsons UAE","C","متجر تجزئة متعدد العلامات","https://www.watsons.ae/","نفس الاسم","batch3","22","Watsons","physical","صيدلية","Nationwide","D","نفس الجهة: سجل ليدز (عميل/موزع محتمل) + نقطة بيع محتملة"
"Faces UAE","C","متجر تجزئة متعدد العلامات","https://www.faces.ae/en","نفس الموقع","batch1","6","FACES (Chalhoub Group)","online","متجر أونلاين — تجميل","Nationwide","C","نفس الجهة: سجل ليدز (عميل/موزع محتمل) + نقطة بيع محتملة"
"LOOKFANTASTIC UAE","C","قناة مورد/علامة","https://www.lookfantastic.ae/","نفس الموقع","batch3","1","LOOKFANTASTIC UAE","online","متجر أونلاين — تجميل","Nationwide","B","نفس الجهة: سجل ليدز + قناة بيع/توريد — لا تُدمج السجلات"
"K-Beauty Arabia","C","متجر تجزئة متعدد العلامات","https://kbeautyarabia.com/","نفس الموقع","batch2","4","K-Beauty Arabia","online","متجر أونلاين — تجميل","Dubai","C","نفس الجهة: سجل ليدز (عميل/موزع محتمل) + نقطة بيع محتملة"
"BinSina Pharmacy","C","صيدلية (متجر تجزئة)","https://www.binsina.ae/","نفس الموقع","batch1","12","BinSina Pharmacy","physical","صيدلية","Nationwide","C","نفس الجهة: سجل ليدز (عميل/موزع محتمل) + نقطة بيع محتملة"
"Life Pharmacy","C","صيدلية (متجر تجزئة)","https://www.lifepharmacy.com/","نفس الموقع","batch1","10","Life Pharmacy","physical","صيدلية","Nationwide","C","نفس الجهة: سجل ليدز (عميل/موزع محتمل) + نقطة بيع محتملة"
"Chemist Warehouse UAE","C","صيدلية (متجر تجزئة)","https://www.chemistwarehouse.ae/","نفس الموقع","batch3","2","Chemist Warehouse UAE","online","صيدلية أونلاين","Nationwide","C","نفس الجهة: سجل ليدز (عميل/موزع محتمل) + نقطة بيع محتملة"
"Boots UAE","C","صيدلية (متجر تجزئة)","https://ae.boots.com/en/","نفس الاسم","batch1","15","Boots UAE","physical","صيدلية","Nationwide","D","نفس الجهة: سجل ليدز (عميل/موزع محتمل) + نقطة بيع محتملة"
"Supercare Pharmacy","C","صيدلية (متجر تجزئة)","https://www.super-care.ae/","نفس الموقع","batch1","13","Supercare Pharmacy","physical","صيدلية","Dubai","C","نفس الجهة: سجل ليدز (عميل/موزع محتمل) + نقطة بيع محتملة"
"Talabat UAE","C","قناة مورد/علامة","https://www.talabat.com/uae","نفس الموقع","batch1","23","talabat","online","منصة توصيل سريع","Nationwide","C","نفس الجهة: سجل ليدز + قناة بيع/توريد — لا تُدمج السجلات"
"Xpressions Style","B","موزع / جملة / B2B","https://xpressions.ae/","نفس الموقع","batch2","9","Xpressions Style","online","متجر أونلاين — تجميل","Nationwide","C","نفس الجهة: سجل ليدز + قناة بيع/توريد — لا تُدمج السجلات"
"Powder.ae","C","متجر تجزئة متعدد العلامات","https://powderbeauty.com/","نفس الاسم","batch2","19","Powder","online","متجر أونلاين — تجميل","Nationwide","D","نفس الجهة: سجل ليدز (عميل/موزع محتمل) + نقطة بيع محتملة"
"InstaShop","D","صيدلية (متجر تجزئة)","https://instashop.com/en-ae","نفس الاسم","batch1","24","InstaShop","online","منصة توصيل سريع","Nationwide","D","نفس الجهة: سجل ليدز (عميل/موزع محتمل) + نقطة بيع محتملة"
"Union Coop","C","قناة مورد/علامة","https://www.unioncoop.ae/","نفس الموقع","batch2","8","Union Coop","online","متجر أونلاين — عام","Nationwide","C","نفس الجهة: سجل ليدز + قناة بيع/توريد — لا تُدمج السجلات"
"Thumbay Pharmacy","C","صيدلية (متجر تجزئة)","","نفس الاسم","batch2","13","Thumbay Pharmacy","physical","صيدلية","Nationwide","D","نفس الجهة: سجل ليدز (عميل/موزع محتمل) + نقطة بيع محتملة"
"Al Ain Pharmacy","C","صيدلية (متجر تجزئة)","","نفس الاسم","batch3","12","Al Ain Pharmacy","physical","صيدلية","Abu Dhabi","D","نفس الجهة: سجل ليدز (عميل/موزع محتمل) + نقطة بيع محتملة"
"Medon Pharmacy","C","صيدلية (متجر تجزئة)","https://medon.ae/","نفس الموقع","batch3","4","Medon Pharmacy","physical","صيدلية","Nationwide","C","نفس الجهة: سجل ليدز (عميل/موزع محتمل) + نقطة بيع محتملة"
"Nahdi Online UAE","C","صيدلية (متجر تجزئة)","https://www.nahdionline.com/en-ae","نفس الموقع","batch3","6","Nahdi Pharmacy","physical","صيدلية","Nationwide","C","نفس الجهة: سجل ليدز (عميل/موزع محتمل) + نقطة بيع محتملة"
"Lana Pharmacy","C","صيدلية (متجر تجزئة)","","نفس الاسم","batch3","8","Lana Pharmacy","physical","صيدلية","Nationwide","C","نفس الجهة: سجل ليدز (عميل/موزع محتمل) + نقطة بيع محتملة"
"Docib","C","صيدلية (متجر تجزئة)","","نفس الاسم","batch3","10","Docib Pharmacy","physical","صيدلية","Nationwide","C","نفس الجهة: سجل ليدز (عميل/موزع محتمل) + نقطة بيع محتملة"
"Faith Pharmacy","C","صيدلية (متجر تجزئة)","https://faithpharmacy.com/","نفس الاسم","batch3","11","Faith Pharmacy","physical","صيدلية","Nationwide","C","نفس الجهة: سجل ليدز (عميل/موزع محتمل) + نقطة بيع محتملة"
"Zaitoon Pharmacy","C","صيدلية (متجر تجزئة)","https://zaitoonpharmacy.com/home/maintenance_mode","نفس الموقع","batch3","23","Zaitoon Pharmacy","physical","صيدلية","Ajman","C","نفس الجهة: سجل ليدز (عميل/موزع محتمل) + نقطة بيع محتملة"
"Glam Beaute","C","متجر تجزئة متعدد العلامات","https://glambeaute.com/","نفس الموقع","batch3","3","Glam Beaute","online","متجر أونلاين — تجميل","Dubai","C","نفس الجهة: سجل ليدز (عميل/موزع محتمل) + نقطة بيع محتملة"
"K-Secret","C","متجر تجزئة متعدد العلامات","https://www.ksecret.com/","نفس الموقع","batch1","16","KSecret","online","متجر أونلاين — تجميل","Dubai","C","نفس الجهة: سجل ليدز (عميل/موزع محتمل) + نقطة بيع محتملة"
"Shofon","D","متجر تجزئة متعدد العلامات","","نفس الاسم","batch2","17","Shofon","online","متجر أونلاين — تجميل","Nationwide","D","نفس الجهة: سجل ليدز (عميل/موزع محتمل) + نقطة بيع محتملة"
"Chicsta","D","متجر تجزئة متعدد العلامات","https://chicsta.com/","نفس الاسم","batch2","16","Chicsta","online","متجر أونلاين — تجميل","Nationwide","D","نفس الجهة: سجل ليدز (عميل/موزع محتمل) + نقطة بيع محتملة"
"Lamise Beauty","C","متجر تجزئة متعدد العلامات","https://www.lamisebeauty.com/","نفس الموقع","batch2","5","Lamise Beauty","online","متجر أونلاين — تجميل","Nationwide","C","نفس الجهة: سجل ليدز (عميل/موزع محتمل) + نقطة بيع محتملة"
"Nessa Beauty","C","متجر تجزئة متعدد العلامات","https://nessabeauty.com/","نفس الموقع","batch2","18","Nessa Beauty","online","متجر أونلاين — تجميل","Nationwide","C","نفس الجهة: سجل ليدز (عميل/موزع محتمل) + نقطة بيع محتملة"
"Beauty Korea Dubai","C","متجر تجزئة متعدد العلامات","https://beautykoreadubai.com/","نفس الاسم","batch1","22","Beauty Korea Dubai","physical","موزّع","Dubai","D","نفس الجهة: سجل ليدز (عميل/موزع محتمل) + نقطة بيع محتملة"
"Mamoso K-Beauty","C","متجر تجزئة متعدد العلامات","https://kbeauty.ae/","نفس الموقع","batch1","18","Mamoso K-beauty","online","متجر أونلاين — تجميل","Nationwide","C","نفس الجهة: سجل ليدز (عميل/موزع محتمل) + نقطة بيع محتملة"
"Mystiglam","C","متجر تجزئة متعدد العلامات","https://mystiglam.com/","نفس الاسم","batch1","17","Mystiglam","online","متجر أونلاين — تجميل","Nationwide","D","نفس الجهة: سجل ليدز (عميل/موزع محتمل) + نقطة بيع محتملة"
"Beauty Tribe","C","متجر تجزئة متعدد العلامات","https://beautytribe.com/","نفس الاسم","batch3","89","Beauty Tribe","physical","صيدلية","Abu Dhabi","D","نفس الجهة: سجل ليدز (عميل/موزع محتمل) + نقطة بيع محتملة"
"Trendyol (Gulf marketplace)","D","متجر تجزئة متعدد العلامات","https://www.trendyol.com/","نفس الموقع","batch1","3","Trendyol (الخليج)","online","منصة متعددة البائعين","Nationwide","C","نفس الجهة: سجل ليدز (عميل/موزع محتمل) + نقطة بيع محتملة"
"Basharacare","D","متجر تجزئة متعدد العلامات","https://www.basharacare.com/ae_en","نفس الموقع","batch1","9","BasharaCare","online","متجر أونلاين — تجميل","Dubai","C","نفس الجهة: سجل ليدز (عميل/موزع محتمل) + نقطة بيع محتملة"
"CHS Community Pharmacy (online)","D","صيدلية (متجر تجزئة)","","نفس الاسم","batch3","15","CHS Community Pharmacy","physical","صيدلية","Nationwide","D","نفس الجهة: سجل ليدز (عميل/موزع محتمل) + نقطة بيع محتملة"