name,url,kind,reason,duplicate_of
"Mumzworld","https://www.mumzworld.com/en/sell","duplicate","مكرر: نفس الجهة، وأُبقيت نسخة «Mumzworld Seller Registration» لأن صفحتها هي التي تحمّلت وتحققت","Mumzworld Seller Registration"
"Lookfantastic Global","https://www.lookfantastic.com/","duplicate","نفس الشركة (THG) ونفس صفحة الموردين — بطلب ملف حسام لا تُسجَّل كجهتين منفصلتين","LOOKFANTASTIC UAE"
"Dubai DET iSupplier","https://www.dubaidet.gov.ae/en/our-services/for-consumers-and-students/register-as-a-supplier","not_a_sales_channel","بوابة مشتريات حكومية للمناقصات — لا تبيع منتجات تجميل للمستهلكين",""
"DEWA Supplier Enrolment","https://dewa.gov.ae/en/supplier/main-services/registration-supplier-services","not_a_sales_channel","تسجيل مورد لمشتريات هيئة كهرباء ومياه دبي — ليست قناة بيع تجزئة",""
"WeMENA","https://www.wemena.com/","wrong_entity","النطاق الذي جرّبته يعرض موقعاً غير مرتبط (مطعم روسي) — الرابط لم يثبت، لا يُعتمد",""
"Go To Beauty","https://www.gotobeauty.com/","wrong_entity","النطاق gotobeauty.com يعرض عيادة جراحة تجميلية بأمريكا — ليس المتجر المقصود؛ الرابط الصحيح غير معروف",""
"Wojooh","https://www.wojooh.com/","duplicate","مكرر — نفس الجهة/الموقع مسجّل كـ«Faces UAE»","Faces UAE"
"Beautyworld Middle East (exhibitor lists)","https://beautyworldmiddleeast.hk.messefrankfurt.com/dubai/en.html","lead_source","معرض تجاري (مصدر موزعين)؛ رابط الصفحة الذي جرّبته أعاد 404 فلم يُعتمد",""
"Dubai Chamber Member Directory","https://www.dubaichamber.com/","lead_source","دليل أعضاء غرفة تجارة دبي (مصدر بحث عن موزعين) وليس قناة بيع",""
"Noon Minutes / noon.com","https://www.noon.com/uae-en/","duplicate","مكرر: نفس رابط noon.com الإماراتي","noon UAE"
"The Body Shop UAE","https://www.thebodyshop.ae/","not_a_sales_channel","متجر علامة واحدة (The Body Shop) لا يدرج علامات أخرى",""
"Dermalogica / skin clinics distributors","https://www.dermalogica.ae/","not_a_sales_channel","موقع علامة واحدة (Dermalogica) لا متجر متعدد العلامات؛ صفحته للانضمام كعيادة/صالون",""
"Tradeling (B2B)","https://www.tradeling.com/","duplicate","مكرر لنفس tradeling.com","Tradeling"
"Dubai SME / Dubai Chamber supplier portals","https://sme.ae/","not_a_sales_channel","بوابة حكومية لدعم المنشآت الصغيرة — ليست قناة بيع (والموقع يحجب الفحص الآلي)",""
"Cosmetics Trading directory: oncosmetics UAE","https://oncosmetics.com/","lead_source","دليل شركات تجاري (مصدر لاكتشاف موزعين) وليس قناة بيع؛ تفاصيل التواصل فيه خلف اشتراك",""