rank,name,tier,why,url,contact,fees,notes
"1","Amazon UAE","A","تسجيل بائع مباشر موثّق من صفحة رسمية","https://sell.amazon.ae/","غير معروف","عمولة الإحالة لفئة الجمال: 8% للمنتج بسعر 50 درهم أو أقل، و15% للأعلى من 50 (حد أدنى 1 درهم). حساب Professional بلا اشتراك شهري «لفترة محدودة». تخزين FBA 2 درهم/قدم مكعب/شهر. الأسعار بدون VAT","مصدر الرسوم: صفحة Amazon الرسمية قُرئت 9 تشرين الأول 2026. لا يعني قبول المنتجات تلقائياً؛ موافقة الفئة وتسجيل المنتج تحتاج تحقق منفصل."
"2","Begad","A","تسجيل بائع مباشر موثّق من صفحة رسمية","https://www.begad.ae/ar/sell","sellers@begad.ae | +971 4 835 6358 | contact@begad.ae | support@begad.ae","«تسجيل مجاني»، وعمولة «نسبة ثابتة لكل فئة» — النسب غير معلنة. البائعون المؤسسون يحصلون على أدنى شريحة","منصة صغيرة/جديدة — حجم الزيارات غير معروف."
"3","K Beauty Souq","A","تسجيل بائع مباشر موثّق من صفحة رسمية","https://kbeautysouq.com/sell-with-us/","support@kbeautysouq.com","غير معلن","نموذج تقديم تاجر «UAE marketplace merchant» للمراجعة. تخصص K-beauty — ملاءمة LOWE'S (تركية) تحتاج تحققاً."
"4","Tradeling","A","تسجيل بائع مباشر موثّق من صفحة رسمية","https://www.tradeling.com/ae-en/page/become-a-seller","support@tradeling.com","الصفحة فيها عنوان «Commission structure» بلا أرقام. الدفع للبائع مرتين شهرياً","تسجيل بائع مباشر رسمي موجود، لكن قبول فئة العناية بالبشرة غير مؤكد."
"5","Lets Tango","A","تسجيل بائع مباشر موثّق من صفحة رسمية","https://sellers.letstango.com/newmarketplace","seller@letstango.com | +971 4 4034888 | support@letstango.com","غير معلن بالصفحة (نسبة 10% وردت بملخص طرف ثالث — غير معتمدة)","زر Start Selling رسمي. فئة العناية غير مؤكدة."
"6","Xpressions Style","B","قناة جملة/توزيع/B2B بمسار رسمي موثّق","https://xpressions.ae/pages/welcome-to-the-xpressions-style-partner-program","business.development@xpressionsstyle.com | team@xpressionsstyle.com | info@xpressionsstyle.com","غير معلن","برنامج «Business Network» رسمي: طلب أولي يوضح بيانات النشاط ونوع الشراكة."
"7","Pharmalink (Medicina operator)","B","قناة جملة/توزيع/B2B بمسار رسمي موثّق","https://pharmalink.ae/partner/","غير معروف","غير معروف","موزع أدوية ومشغّل صيدليات Medicina بحسب مصدر ثانوي؛ الصفحة الرسمية فيها مسار «Partner with us» ولوجستيات توزيع."
"8","LSM Trading","B","قناة جملة/توزيع/B2B بمسار رسمي موثّق","https://lsmtrading.com/wholesale/","sales@lsmtrading.com | +971 4 339 2157","غير معروف","الصفحة موجهة للشركات التي تشتري منهم (نموذج لفريق المبيعات). قبولهم موردين جدد غير منصوص."
"9","LOOKFANTASTIC UAE","C","مسار مورد/علامة رسمي أو شراكة — القبول غير مؤكد","https://www.lookfantastic.ae/c/info/partnerships-suppliers/","partnerships@thehutgroup.com","غير معلن","الصفحة الرسمية تدعو الموردين للتواصل بالبريد. لا نموذج ولا شروط منشورة. شُمل نسخة .com ضمن هذه الجهة."
"10","Talabat UAE","C","مسار مورد/علامة رسمي أو شراكة — القبول غير مؤكد","https://ae.partner.talabat.com/s/?language=en_US&utm_source=homepage&utm_medium=referral&utm_campaign=top_banner","غير معروف","الصفحة تشرح أن هناك «رسوم عمولة» بلا أرقام","بوابة شركاء رسمية، الغالب أنها لمتاجر تعمل بالتوصيل (صيدليات/تجزئة) لا لعلامات مصنّعة. اتفاق مورد عبر الصيدليات أنسب."
"11","Majid Al Futtaim","C","مسار مورد/علامة رسمي أو شراكة — القبول غير مؤكد","https://www.majidalfuttaim.com/en/what-we-do/partner-with-us","غير معروف","غير معروف","صفحة «Partner with us» عامة للمجموعة (عقارات/تجزئة)، مو نموذج توريد تجميل بعينه."