name,tier,classification,review_reason,review_source,review_date,url_to_open_manually,why_manual,http_status,verification_status,claim_from_source_file,notes
"noon UAE","D","تسجيل مباشر محتمل — غير موثّق رسمياً","أكبر سوق إقليمي، لكن الموقع حجب الفحص الآلي (403/SSL) ولم أتجاوزه؛ مسار sell.noon.com/uae-en/getting-started مأخوذ من ملفك وتؤكده مصادر ثانوية فقط. يلزم فتحه يدوياً.","https://sell.noon.com/uae-en/getting-started","2026-10-09","https://sell.noon.com/uae-en/getting-started","أكبر سوق إقليمي، لكن الموقع حجب الفحص الآلي (403/SSL) ولم أتجاوزه؛ مسار sell.noon.com/uae-en/getting-started مأخوذ من ملفك وتؤكده مصادر ثانوية فقط. يلزم فتحه يدوياً.","0","unreachable","ملاحظة ملف حسام: تسجيل بائع، رفع الرخصة والهوية وبيانات البنك؛ بعض الفئات تحتاج موافقة.","الموقع يحجب الفحص الآلي (403) ولم يُتجاوز. أرقام عمولات noon المنشورة بمدونات (نطاق عريض) غير معتمدة. يلزم فتح صفحة التسجيل يدوياً للتأكيد."
"Ounass","D","غير مؤكدة","منصة فاخرة (Al Tayer) تحجب الفحص (403)؛ التموضع الفاخر قد لا يناسب LOWE'S. لا مسار موردين منشور.","نتيجة بحث عام 9/10/2026","2026-10-09","https://www.ounass.ae/","منصة فاخرة (Al Tayer) تحجب الفحص (403)؛ التموضع الفاخر قد لا يناسب LOWE'S. لا مسار موردين منشور.","403","protected_not_verified","ملاحظة ملف حسام: مناسب فقط إذا كانت العلامة والتسعير والتموضع متوافقين.",""
"Galeries Lafayette Dubai","D","غير مؤكدة","متجر فاخر يحجب الفحص (403)؛ لا دليل على فئة العناية بالبشرة أو مسار موردين.","نتيجة بحث عام 9/10/2026","2026-10-09","https://www.galerieslafayette.ae/","متجر فاخر يحجب الفحص (403)؛ لا دليل على فئة العناية بالبشرة أو مسار موردين.","403","protected_not_verified","ملاحظة ملف حسام: تحققي من الموقع ونموذج إدراج العلامات قبل تجهيز الطلب.",""
"Glowy","D","غير مؤكدة","عنوان الصفحة الرئيسية «Codazon Home Page» أي قالب تجريبي — لا دليل على متجر فعّال حالياً.","https://glowy.ae/","2026-10-09","https://www.glowy.ae/","عنوان الصفحة الرئيسية «Codazon Home Page» أي قالب تجريبي — لا دليل على متجر فعّال حالياً.","200","verified_active_uae","ملاحظة ملف حسام: تأكدي من المتطلبات الحالية من صفحة التواصل الرسمية.",""
"iHerb UAE","D","غير مؤكدة","متجر دولي متخصص بالمكملات يحجب الفحص (403)؛ القبول عبر مسار علامات عالمي لا إماراتي.","نتيجة بحث عام 9/10/2026","2026-10-09","https://ae.iherb.com/","متجر دولي متخصص بالمكملات يحجب الفحص (403)؛ القبول عبر مسار علامات عالمي لا إماراتي.","403","protected_not_verified","ملاحظة ملف حسام: القبول يعتمد على فئة المنتج ونموذج التوريد.",""
"Boutiqaat","D","غير مؤكدة","منصة تجميل إقليمية (كويتية) تحجب الفحص؛ عملها بالإمارات غير مؤكد.","نتيجة بحث عام 9/10/2026","2026-10-09","https://www.boutiqaat.com/","منصة تجميل إقليمية (كويتية) تحجب الفحص؛ عملها بالإمارات غير مؤكد.","403","protected_not_verified","ملاحظة ملف حسام: نموذجها قد يختلف عن سوق البائعين المفتوح.",""
"Instagram Shop / Instagram Business","D","غير مؤكدة","قناة بيع مباشرة ممكنة، لكن الموقع أعاد 400/مهلة، وإتاحة Shops/Checkout لحساب إماراتي غير مؤكدة. الحساب مثبَّت بقرار حسام.","https://business.instagram.com/","2026-10-09","https://business.instagram.com/","قناة بيع مباشرة ممكنة، لكن الموقع أعاد 400/مهلة، وإتاحة Shops/Checkout لحساب إماراتي غير مؤكدة. الحساب مثبَّت بقرار حسام.","400","unreachable","ملاحظة ملف حسام: لا تفترضي أن Checkout أو Shops متاحة لكل حساب إماراتي؛ البيع قد يتم عبر الموقع أو الرسائل.","الموقع أعاد 400 عند الفحص الآلي. إتاحة Shops/Checkout لحساب إماراتي غير مؤكدة. Instagram مثبَّت بقرار حسام (@lowes.profesyonal_) — لا تغيير عليه."
"TikTok for Business","D","غير مؤكدة","صفحة البائع المفحوصة (seller.tiktok.com) هي نسخة TikTok Shop الأمريكية؛ إتاحة المتجر للإمارات غير مؤكدة.","https://seller.tiktok.com/","2026-10-09","https://www.tiktok.com/business/","صفحة البائع المفحوصة (seller.tiktok.com) هي نسخة TikTok Shop الأمريكية؛ إتاحة المتجر للإمارات غير مؤكدة.","200","active_uae_unconfirmed","ملاحظة ملف حسام: لا أؤكد وجود TikTok Shop UAE مفتوح؛ تحقق من إتاحة البرنامج محلياً.","صفحة البائع التي فُحصت (seller.tiktok.com) هي نسخة TikTok Shop الأمريكية؛ إتاحة المتجر للإمارات غير مؤكدة. التسويق/الإعلانات متاح بشكل منفصل."
"WhatsApp Business","D","غير مؤكدة","قناة كتالوج وتواصل مباشر لا سوق؛ الموقع أعاد 400/مهلة.","https://business.whatsapp.com/","2026-10-09","https://business.whatsapp.com/","قناة كتالوج وتواصل مباشر لا سوق؛ الموقع أعاد 400/مهلة.","400","unreachable","ملاحظة ملف حسام: مفيد لتحويل العملاء من الإعلانات والمحتوى إلى الطلب.","قناة كتالوج وتواصل مباشر، ليست سوقاً. الموقع أعاد 400 للفحص الآلي."
"Shopify Store","D","غير مؤكدة","منصة لإنشاء متجر خاص بالعلامة (ليست سوقاً)؛ أهلية الدفع والشحن للإمارات غير مؤكدة بالصفحة.","https://www.shopify.com/","2026-10-09","https://www.shopify.com/","منصة لإنشاء متجر خاص بالعلامة (ليست سوقاً)؛ أهلية الدفع والشحن للإمارات غير مؤكدة بالصفحة.","200","verified_active_uae","ملاحظة ملف حسام: ليس Marketplace؛ يمنحك تحكماً أكبر لكن يحتاج اكتساب زيارات.","إنشاء متجر خاص بالعلامة — ليس Marketplace. الصفحة لا تتحقق من أهلية الدفع/الشحن بالإمارات."
"Salla","D","غير مؤكدة","منصة سعودية تحجب الفحص؛ أهلية شركة إماراتية غير مؤكدة.","نتيجة بحث عام 9/10/2026","2026-10-09","https://salla.com/","منصة سعودية تحجب الفحص؛ أهلية شركة إماراتية غير مؤكدة.","403","protected_not_verified","ملاحظة ملف حسام: لا تعتمد كخيار إماراتي قبل تأكيد أهلية الحساب من المنصة.","منصة سعودية؛ الموقع يحجب الفحص الآلي. أهلية شركة إماراتية غير مؤكدة."
"Zid","D","غير مؤكدة","منصة سعودية؛ أهلية شركة إماراتية غير مؤكدة.","https://zid.sa/ar/","2026-10-09","https://Zid.sa/","منصة سعودية؛ أهلية شركة إماراتية غير مؤكدة.","200","active_uae_unconfirmed","ملاحظة ملف حسام: المنصة إقليمية؛ تأكدي من دعم الكيان الإماراتي قبل الاختيار.","منصة سعودية؛ أهلية شركة إماراتية غير مؤكدة. رابط الملف كان فيه مسافة وأُصلح."
"Sivvi","D","غير مؤكدة","منصة أزياء/جمال لم تستجب آلياً؛ لا مسار موردين معروف.","نتيجة بحث عام 9/10/2026","2026-10-09","","منصة أزياء/جمال لم تستجب آلياً؛ لا مسار موردين معروف.","0","unreachable","",""
"Styli","D","غير مؤكدة","منصة أزياء (Landmark) تحجب الفحص؛ فئة العناية غير مؤكدة.","نتيجة بحث عام 9/10/2026","2026-10-09","https://www.stylishop.com/ae/en/","منصة أزياء (Landmark) تحجب الفحص؛ فئة العناية غير مؤكدة.","403","protected_not_verified","",""
"6thStreet","D","غير مؤكدة","منصة أزياء تحجب الفحص؛ فئة العناية غير مؤكدة.","نتيجة بحث عام 9/10/2026","2026-10-09","https://www.6thstreet.com/ae/","منصة أزياء تحجب الفحص؛ فئة العناية غير مؤكدة.","403","protected_not_verified","",""
"Dubizzle","D","غير مؤكدة","منصة إعلانات مبوبة تحجب الفحص؛ البيع فردي لا لعلامة موردة.","نتيجة بحث عام 9/10/2026","2026-10-09","https://dubai.dubizzle.com/","منصة إعلانات مبوبة تحجب الفحص؛ البيع فردي لا لعلامة موردة.","200","protected_not_verified","",""
"InstaShop","D","غير مؤكدة","تطبيق توصيل بقالة وصيدلية (ضمن talabat) يحجب الفحص؛ التجميل تابع لمتاجر شريكة.","نتيجة بحث عام 9/10/2026","2026-10-09","https://instashop.com/en-ae","تطبيق توصيل بقالة وصيدلية (ضمن talabat) يحجب الفحص؛ التجميل تابع لمتاجر شريكة.","403","protected_not_verified","",""
"Waitrose UAE","D","غير مؤكدة","سوبرماركت يحجب الفحص (403).","نتيجة بحث عام 9/10/2026","2026-10-09","https://www.waitrose.ae/","سوبرماركت يحجب الفحص (403).","403","protected_not_verified","",""
"Abu Dhabi Coop","D","غير مؤكدة","جمعية تعاونية لم يستجب موقعها آلياً.","نتيجة بحث عام 9/10/2026","2026-10-09","","جمعية تعاونية لم يستجب موقعها آلياً.","0","unreachable","",""
"Sharjah Coop","D","غير مؤكدة","جمعية تعاونية فعّالة (بقالة ومنزل) بلا دليل على فئة تجميل أو مسار موردين.","https://sharjahcoop.ae/","2026-10-09","https://www.sharjahcoop.ae/","جمعية تعاونية فعّالة (بقالة ومنزل) بلا دليل على فئة تجميل أو مسار موردين.","200","verified_active_uae","",""
"Harvey Nichols Dubai","D","غير مؤكدة","متجر فاخر لم يستجب موقعه؛ لا دليل على مسار موردين.","نتيجة بحث عام 9/10/2026","2026-10-09","","متجر فاخر لم يستجب موقعه؛ لا دليل على مسار موردين.","0","unreachable","",""
"Shofon","D","غير مؤكدة","مذكور بدليل Harper's Bazaar كمتجر K-beauty؛ الموقع لم يستجب آلياً.","https://www.harpersbazaararabia.com/beauty/skin-care/where-to-buy-korean-skincare-beauty-kbeauty-uae","2026-10-09","","مذكور بدليل Harper's Bazaar كمتجر K-beauty؛ الموقع لم يستجب آلياً.","0","unreachable","",""
"Chicsta","D","غير مؤكدة","مذكور كمتجر K-beauty بدليل منشور؛ صفحته الرئيسية تحمّل بلا عنوان أو وصف — نشاطه الحالي غير مؤكد.","https://www.harpersbazaararabia.com/beauty/skin-care/where-to-buy-korean-skincare-beauty-kbeauty-uae","2026-10-09","https://chicsta.com/","مذكور كمتجر K-beauty بدليل منشور؛ صفحته الرئيسية تحمّل بلا عنوان أو وصف — نشاطه الحالي غير مؤكد.","200","active_uae_unconfirmed","",""
"Blissology Beauty Supply","D","غير مؤكدة","موزع/مورّد مذكور بدليل أعمال (Investment Park، دبي)؛ الموقع لم يستجب.","نتيجة بحث عام 9/10/2026","2026-10-09","","موزع/مورّد مذكور بدليل أعمال (Investment Park، دبي)؛ الموقع لم يستجب.","0","unreachable","",""
"Lacot General Trading","D","غير مؤكدة","موزع FMCG مستحضرات/مستلزمات شخصية بملف عارض 2022 (بدأ 1992)؛ الموقع لم يستجب — نشاطه الحالي غير مؤكد.","https://exhibitor.beautyworldme.com/exhibitor-search-en/exhibitor-search.detail.html/lacot-general-trading-llc.html","2026-10-09","","موزع FMCG مستحضرات/مستلزمات شخصية بملف عارض 2022 (بدأ 1992)؛ الموقع لم يستجب — نشاطه الحالي غير مؤكد.","0","unreachable","",""
"Alshaya Group","D","غير مؤكدة","مجموعة امتياز (Ulta Beauty UAE وغيرها) تحجب الفحص؛ التوريد يمر عبر العلامات التابعة.","https://www.alshaya.com/","2026-10-09","https://www.alshaya.com/","مجموعة امتياز (Ulta Beauty UAE وغيرها) تحجب الفحص؛ التوريد يمر عبر العلامات التابعة.","403","protected_not_verified","",""
"Landmark Group","D","غير مؤكدة","مجموعة تجزئة تحجب الفحص؛ لا مسار موردين منشور.","نتيجة بحث عام 9/10/2026","2026-10-09","https://www.landmarkgroup.com/","مجموعة تجزئة تحجب الفحص؛ لا مسار موردين منشور.","403","protected_not_verified","",""
"Al Tayer Group","D","غير مؤكدة","مجموعة (Ounass، Wojooh، Areej…) موقعها عام بلا مسار موردين.","https://www.altayer.com/","2026-10-09","https://www.altayer.com/","مجموعة (Ounass، Wojooh، Areej…) موقعها عام بلا مسار موردين.","200","verified_active_uae","",""
"Rivoli Group","D","غير مؤكدة","مجموعة تجزئة/توزيع لم يستجب موقعها.","نتيجة بحث عام 9/10/2026","2026-10-09","","مجموعة تجزئة/توزيع لم يستجب موقعها.","0","unreachable","",""
"Jashanmal","D","غير مؤكدة","شركة تجزئة/توزيع قديمة (ذُكرت كشريك Coty Distribution Emirates مع Chalhoub، مصدر ثانوي 2014)؛ صفحة «About Us» فقط ظهرت — لا مسار موردين.","https://jashanmal.ae/","2026-10-09","","شركة تجزئة/توزيع قديمة (ذُكرت كشريك Coty Distribution Emirates مع Chalhoub، مصدر ثانوي 2014)؛ صفحة «About Us» فقط ظهرت — لا مسار موردين.","0","unreachable","",""
"Snapchat Business","D","غير مؤكدة","منصة إعلانات؛ لا دليل على متجر تجزئة عبر Snapchat للإمارات.","https://forbusiness.snapchat.com/","2026-10-09","https://forbusiness.snapchat.com/","منصة إعلانات؛ لا دليل على متجر تجزئة عبر Snapchat للإمارات.","200","active_uae_unconfirmed","",""
"Facebook Marketplace / Meta Business","D","غير مؤكدة","قناة إعلانات/إعلانات مبوبة؛ الموقع لم يستجب.","نتيجة بحث عام 9/10/2026","2026-10-09","","قناة إعلانات/إعلانات مبوبة؛ الموقع لم يستجب.","400","unreachable","",""
"Ubuy UAE","D","غير مؤكدة","سوق عابر للحدود يحجب الفحص؛ ليس قناة بيع مباشرة للموردين.","نتيجة بحث عام 9/10/2026","2026-10-09","https://www.ubuy.ae/","سوق عابر للحدود يحجب الفحص؛ ليس قناة بيع مباشرة للموردين.","403","protected_not_verified","",""
"Alibaba.com UAE","D","غير مؤكدة","سوق B2B عالمي لم يستجب موقعه؛ ليس قناة إماراتية.","نتيجة بحث عام 9/10/2026","2026-10-09","","سوق B2B عالمي لم يستجب موقعه؛ ليس قناة إماراتية.","0","unreachable","",""
"Starlink Drug Store","D","غير مؤكدة","موزع أدوية/ديرما حسب دليل CPHI؛ الصفحة تحجب الفحص ولا موقع رسمي معروف.","https://www.cphi-online.com/company/starlink-drug-store-llc/","2026-10-09","https://www.cphi-online.com/company/starlink-drug-store-llc/","موزع أدوية/ديرما حسب دليل CPHI؛ الصفحة تحجب الفحص ولا موقع رسمي معروف.","403","protected_not_verified","",""
"Skin Garden","D","غير مؤكدة","يُذكر بدليل HiDubai متجراً لـ3 علامات كورية؛ النطاق المجرّب لم يستجب، والنتيجة الوحيدة المطابقة للاسم شركة يابانية (skingarden.jp). كيان إماراتي غير مؤكد.","https://focus.hidubai.com/best-korean-beauty-stores-in-dubai/","2026-10-09","","يُذكر بدليل HiDubai متجراً لـ3 علامات كورية؛ النطاق المجرّب لم يستجب، والنتيجة الوحيدة المطابقة للاسم شركة يابانية (skingarden.jp). كيان إماراتي غير مؤكد.","0","unreachable","",""
"1004 Gourmet","D","غير مؤكدة","سلسلة أغذية كورية تستضيف ركن Lamise Beauty؛ صفحات الجملة فيها لبيع الفنادق لا لتوريد العلامات.","https://1004gourmet.com/pages/wholesale-hotels","2026-10-09","https://1004gourmet.com/","سلسلة أغذية كورية تستضيف ركن Lamise Beauty؛ صفحات الجملة فيها لبيع الفنادق لا لتوريد العلامات.","200","verified_active_uae","",""
"K-Beauty on Dubai","D","غير مؤكدة","افتتاح متجر مذكور في Gulf News؛ الموقع لم يستجب.","https://gulfnews.com/business/corporate-news/dubai-welcomes-the-ultimate-k-beauty-experience-with-the-grand-opening-of-k-beauty-on-dubai-1.1696235183332","2026-10-09","","افتتاح متجر مذكور في Gulf News؛ الموقع لم يستجب.","0","unreachable","",""
"Dragon Mart online","D","غير مؤكدة","سوق جملة/تجزئة عبر الإنترنت بحسب مصدر ثانوي (فئات منها الجمال والصحة، يوصل داخل الإمارات)؛ الموقع يعمل لكن لا صفحة تسجيل بائع ظاهرة.","https://salaamgateway.com/story/dubais-dragon-mart-goes-online-with-new-e-commerce-platform","2026-10-09","https://www.dragonmart.ae/","سوق جملة/تجزئة عبر الإنترنت بحسب مصدر ثانوي (فئات منها الجمال والصحة، يوصل داخل الإمارات)؛ الموقع يعمل لكن لا صفحة تسجيل بائع ظاهرة.","200","verified_active_uae","",""
"Brands For Less","D","غير مؤكدة","متجر تخفيضات يحجب الفحص؛ نموذجه شراء بالجملة من فائض المخزون وليس علامات جديدة.","نتيجة بحث عام 9/10/2026","2026-10-09","https://www.brandsforless.com/en-ae","متجر تخفيضات يحجب الفحص؛ نموذجه شراء بالجملة من فائض المخزون وليس علامات جديدة.","403","protected_not_verified","",""
"Beauty Apotheca","D","غير مؤكدة","بوتيك مرتبط بمنصة Go To Beauty (Emirates Woman)؛ الموقع المجرّب لم يستجب.","نتيجة بحث عام 9/10/2026","2026-10-09","","بوتيك مرتبط بمنصة Go To Beauty (Emirates Woman)؛ الموقع المجرّب لم يستجب.","0","unreachable","",""
"SellShip","D","غير مؤكدة","سوق صغير للبائعين بحسب إعلان بيع شركة (Flippa) دون صفحة تسجيل رسمية؛ الموقع لم يستجب وقد تكون ملكيته تتغير.","https://flippa.com/11016820","2026-10-09","","سوق صغير للبائعين بحسب إعلان بيع شركة (Flippa) دون صفحة تسجيل رسمية؛ الموقع لم يستجب وقد تكون ملكيته تتغير.","0","unreachable","",""
"Nativ","D","غير مؤكدة","منصة علامات محلية «Made in UAE» (بيان صحفي 2025) — LOWE'S علامة تركية قد لا تناسب شرط «محلي»؛ الموقع لم يستجب.","https://gulfnews.com/business/corporate-news/nativ-launches-uaes-first-curated-platform-for-homegrown-brands-1.500134804","2026-10-09","","منصة علامات محلية «Made in UAE» (بيان صحفي 2025) — LOWE'S علامة تركية قد لا تناسب شرط «محلي»؛ الموقع لم يستجب.","0","unreachable","",""
"SJR Cosmetics","D","غير مؤكدة","متجر K/J-beauty بدبي بحسب صفحة ثانوية؛ الموقع يحجب الفحص.","نتيجة بحث عام 9/10/2026","2026-10-09","https://sjrcosmetics.com/","متجر K/J-beauty بدبي بحسب صفحة ثانوية؛ الموقع يحجب الفحص.","403","protected_not_verified","",""
"Apotheca Beauty","D","غير مؤكدة","","","","https://apothecabeauty.com/","تصنيف بعد مراجعة يدوية للصفحات: النطاق الذي فُحص متجر Shopify بلا مؤشر إماراتي؛ مصدر ثانوي يذكر موزعاً بهذا الاسم (دبي/الكويت) — قد يكون كياناً آخر. غير متحقق.","200","active_uae_unconfirmed","","النطاق الذي فُحص متجر Shopify بلا مؤشر إماراتي؛ مصدر ثانوي يذكر موزعاً بهذا الاسم (دبي/الكويت) — قد يكون كياناً آخر. غير متحقق."
"Cosmetica Beauty and Personal Care Trading","D","غير مؤكدة","تصف نفسها موزعاً لمستلزمات صالونات (دبي، الشارقة، أبوظبي) لكن صفحتها الرئيسية قالب فارغ.","https://cosmetica1.odoo.com/about","2026-10-09","https://cosmetica1.odoo.com/","تصف نفسها موزعاً لمستلزمات صالونات (دبي، الشارقة، أبوظبي) لكن صفحتها الرئيسية قالب فارغ.","200","verified_active_uae","","الصفحة الرئيسية قالب فارغ («homepage of the website») — لا دليل كافٍ على النشاط الحالي."
"Hair Factory Cosmetics (Abu Dhabi)","D","غير مؤكدة","متجر شعر بأبوظبي بحسب دليل أعمال؛ الموقع المجرّب لم يستجب.","نتيجة بحث عام 9/10/2026","2026-10-09","","متجر شعر بأبوظبي بحسب دليل أعمال؛ الموقع المجرّب لم يستجب.","0","unreachable","",""
"Beauty Pro Distributor","D","غير مؤكدة","متجر Shopify يعرض «Store unavailable» (402) — غير مفعّل حالياً.","https://beautyprodistributor.com/","2026-10-09","","متجر Shopify يعرض «Store unavailable» (402) — غير مفعّل حالياً.","402","unreachable","",""
"Dermazone Store","D","غير مؤكدة","متجر عناية بالشعر والبشرة بالعربية، يبدو سعودياً؛ تغطيته للإمارات غير مؤكدة (يظهر بنطاق فرعي إماراتي بحسب مصدر ثانوي).","https://ipsnews.net/business/2025/11/04/elevating-trust-in-gcc-wellness-dermazonestore-sets-a-new-standard-for-verified-skincare-and-supplements/","2026-10-09","https://dermazonestore.com/","متجر عناية بالشعر والبشرة بالعربية، يبدو سعودياً؛ تغطيته للإمارات غير مؤكدة (يظهر بنطاق فرعي إماراتي بحسب مصدر ثانوي).","200","active_uae_unconfirmed","","الموقع عربي بنطاق سعودي بحسب مصدر ثانوي؛ تغطيته للإمارات غير مؤكدة."
"YallaHub","D","غير مؤكدة","منصة aggregator تجارة سريعة (شراكة مع علامة عناية، Arabian Business)؛ الموقع أعاد 521 (الخادم متوقف).","https://www.arabianbusiness.com/industries/retail/yallahub-to-accelerate-uae-quick-e-commerce-beauty-market-in-partnership-deal-with-rada-russkikh","2026-10-09","","منصة aggregator تجارة سريعة (شراكة مع علامة عناية، Arabian Business)؛ الموقع أعاد 521 (الخادم متوقف).","521","unreachable","",""
"Supersub","D","غير مؤكدة","منصة بث تسوق؛ إعلان وظيفة يذكر استقطاب بائعين ضمن الجمال (موزعون ومتاجر ومبدعون). الموقع المجرّب لم يستجب.","https://supersub.teamtailor.com/jobs/7757440-senior-category-manager-beauty-english-arabic-preferred-uae","2026-10-09","","منصة بث تسوق؛ إعلان وظيفة يذكر استقطاب بائعين ضمن الجمال (موزعون ومتاجر ومبدعون). الموقع المجرّب لم يستجب.","0","unreachable","",""
"Al Anaqa & Al Jamal Cosmetics (Sharjah)","D","غير مؤكدة","مورد جملة/تجزئة مستحضرات بالشارقة بحسب دليل (Magicpin)؛ موقع غير معروف.","نتيجة بحث عام 9/10/2026","2026-10-09","","مورد جملة/تجزئة مستحضرات بالشارقة بحسب دليل (Magicpin)؛ موقع غير معروف.","0","unreachable","",""
"Eva Cosmetics Trading (Abu Dhabi)","D","غير مؤكدة","متجر مستحضرات بأبوظبي بأسعار جملة/تجزئة بحسب دليل؛ موقع غير معروف.","نتيجة بحث عام 9/10/2026","2026-10-09","","متجر مستحضرات بأبوظبي بأسعار جملة/تجزئة بحسب دليل؛ موقع غير معروف.","0","unreachable","",""
"Cosmovision GT","D","غير مؤكدة","موزع جمال/طبي مدرج بدليل مورّدين؛ ملف الدليل غير موثّق والموقع لم يستجب.","نتيجة بحث عام 9/10/2026","2026-10-09","","موزع جمال/طبي مدرج بدليل مورّدين؛ ملف الدليل غير موثّق والموقع لم يستجب.","0","unreachable","",""
"Secret Skin","D","غير مؤكدة","متجر عناية «نظيفة» بدبي (Beauty Independent)؛ الموقع المجرّب بشهادة SSL خاطئة.","https://www.beautyindependent.com/ex-amazon-anisha-oberoi-e-tailer-secret-skin-clean-beauty-middle-east/","2026-10-09","","متجر عناية «نظيفة» بدبي (Beauty Independent)؛ الموقع المجرّب بشهادة SSL خاطئة.","0","unreachable","",""
"Glambox","D","غير مؤكدة","متجر/اشتراك صناديق تجميل (Gulf Business 2012-2014)؛ الموقع لم يستجب — نشاطه الحالي غير مؤكد.","https://gulfbusiness.com/?p=34019","2026-10-09","","متجر/اشتراك صناديق تجميل (Gulf Business 2012-2014)؛ الموقع لم يستجب — نشاطه الحالي غير مؤكد.","0","unreachable","",""
"Skin Solutions UAE (Ideal Beauty Solutions)","D","غير مؤكدة","متجر K-beauty تحت Ideal Beauty Solutions LLC بحسب Product Hunt؛ النطاق المجرّب لم يستجب.","https://www.producthunt.com/products/skin-solutions-uae","2026-10-09","","متجر K-beauty تحت Ideal Beauty Solutions LLC بحسب Product Hunt؛ النطاق المجرّب لم يستجب.","0","unreachable","",""
"Beauty Nation","D","غير مؤكدة","منصة Chalhoub متعددة العلامات (مصدر 2022)؛ الموقع يطلب مصادقة (401) فلم يُفحص ولم يُتجاوز.","https://beautynation.me/","2026-10-09","","منصة Chalhoub متعددة العلامات (مصدر 2022)؛ الموقع يطلب مصادقة (401) فلم يُفحص ولم يُتجاوز.","401","unreachable","","الموقع يطلب مصادقة (401) فلم يُفحص ولم يُتجاوز. المنصة مذكورة بمصدر 2022 كمنصة متعددة العلامات لـChalhoub — يلزم فتحها يدوياً."
"Privae","D","غير مؤكدة","ورد كرابط بمقال؛ الموقع لم يستجب.","نتيجة بحث عام 9/10/2026","2026-10-09","","ورد كرابط بمقال؛ الموقع لم يستجب.","0","unreachable","",""
"Nevi By Nature","D","غير مؤكدة","الصفحة الرئيسية تحمّل بلا عنوان — لا دليل على نشاط.","https://nevibynature.com/","2026-10-09","https://nevibynature.com/","الصفحة الرئيسية تحمّل بلا عنوان — لا دليل على نشاط.","200","active_uae_unconfirmed","",""
"Brandkyu","D","غير مؤكدة","موقع نشط بلا دليل على نشاط تجميل.","https://brandkyu.com/","2026-10-09","https://brandkyu.com/","موقع نشط بلا دليل على نشاط تجميل.","200","verified_active_uae","","موقع نشط لكن لا دليل على نشاط تجميل/عناية."
"Omni The Label","D","غير مؤكدة","موقع نشط بلا دليل على نشاط تجميل.","https://omnithelabel.com/","2026-10-09","https://omnithelabel.com/","موقع نشط بلا دليل على نشاط تجميل.","200","verified_active_uae","","موقع نشط لكن لا دليل على نشاط تجميل/عناية."
"Bloomha","D","غير مؤكدة","متجر K-beauty صغير (قائمة مبيعات 2026 ذاتية)؛ الموقع يحجب الفحص.","نتيجة بحث عام 9/10/2026","2026-10-09","https://bloomha.com/","متجر K-beauty صغير (قائمة مبيعات 2026 ذاتية)؛ الموقع يحجب الفحص.","403","protected_not_verified","",""
"Beauty Solutions","D","غير مؤكدة","عنوان الصفحة «Beauty & More» يوحي بصالون خدمات لا متجر منتجات.","https://beautysolutions.ae/","2026-10-09","https://beautysolutions.ae/","عنوان الصفحة «Beauty & More» يوحي بصالون خدمات لا متجر منتجات.","200","verified_active_uae","","عنوان الصفحة يوحي بصالون/خدمات تجميل في دبي لا متجر منتجات — يحتاج تحققاً."
"Emirates Coop — Supplier Login","D","غير مؤكدة","","","","https://www.emcoop.ae/supplier-login/","الموقع يحجب الفحص الآلي — يحتاج مراجعة يدوية (لا يعني أنه غير نشط)","403","protected_not_verified","",""
"The Beauty Oasis (Ajman)","D","غير مؤكدة","","","","","لم يستجب الموقع آلياً — لا يعني أنه غير موجود، يحتاج مراجعة يدوية","0","unreachable","",""
"Trendyol (Gulf marketplace)","D","تسجيل مباشر محتمل — غير موثّق رسمياً","سوق تركي المنشأ يعمل بالخليج (Gulf Business 2025) — مناسب جداً لعلامة تركية، لكن موقعه وبوابة البائع (partner.trendyol.com) يحجبان الفحص الآلي (403/Cloudflare). مصدر ثانوي (Fynd) يقول إن التسجيل يتم بحساب مستخدم ثم اختيار منطقة «Gulf» ومراجعة 3-7 أيام — غير موثّق رسمياً، وشروط الإمارات ومستندات فئة التجميل غير معروفة.","https://gulfbusiness.com/en/2025/tech/how-trendyol-is-redefining-ecommerce-in-the-gulf/","2026-10-09","https://www.trendyol.com/","سوق تركي المنشأ يعمل بالخليج (Gulf Business 2025) — مناسب جداً لعلامة تركية، لكن موقعه وبوابة البائع (partner.trendyol.com) يحجبان الفحص الآلي (403/Cloudflare). مصدر ثانوي (Fynd) يقول إن التسجيل يتم بحساب مستخدم ثم اختيار منطقة «Gulf» ومراجعة 3-7 أيام — غير موثّق رسمياً، وشروط الإمارات ومستندات فئة التجميل غير معروفة.","403","protected_not_verified","",""
"DeliverIt Marketplace","D","غير مؤكدة","عنوان موقعه «Best Pick and Delivery Service in Dubai» أي خدمة التقاط وتوصيل؛ وصفه كسوق بائعين ورد في مدونتهم الخاصة فقط. لا صفحة تسجيل بائع ظاهرة.","https://deliverit.ae/","2026-10-09","https://deliverit.ae/","عنوان موقعه «Best Pick and Delivery Service in Dubai» أي خدمة التقاط وتوصيل؛ وصفه كسوق بائعين ورد في مدونتهم الخاصة فقط. لا صفحة تسجيل بائع ظاهرة.","200","verified_active_uae","",""
"Groupon UAE","D","غير مؤكدة","سوق عروض يحجب الفحص (Cloudflare)؛ نموذج الخصومات قد لا يناسب علامة.","https://www.groupon.ae/","2026-10-09","https://www.groupon.ae/","سوق عروض يحجب الفحص (Cloudflare)؛ نموذج الخصومات قد لا يناسب علامة.","403","protected_not_verified","",""
"Basharacare","D","غير مؤكدة","متجر عناية ببشرة بدبي ذُكر بمقال قديم (2011-2013)؛ الصفحة الرئيسية تحمّل بلا عنوان — نشاطه الحالي غير مؤكد (موجود أيضاً بدفعة ليدز 1).","https://www.thenationalnews.com/business/brushing-up-on-skincare-1.341865","2026-10-09","https://www.basharacare.com/","متجر عناية ببشرة بدبي ذُكر بمقال قديم (2011-2013)؛ الصفحة الرئيسية تحمّل بلا عنوان — نشاطه الحالي غير مؤكد (موجود أيضاً بدفعة ليدز 1).","200","active_uae_unconfirmed","",""
"CarasaLab","D","غير مؤكدة","يعرض جملة مستحضرات «للإمارات ودبي» لكن مواد الصفحات عن موردين من ألمانيا وآسيا وأوقيانوسيا — يبدو مورّداً دولياً لا كياناً إماراتياً؛ الكيان القانوني بالإمارات غير مؤكد.","https://carasalab.com/en/uae-dubai-cosmetics-wholesale/","2026-10-09","https://carasalab.com/en/uae-dubai-cosmetics-wholesale/","يعرض جملة مستحضرات «للإمارات ودبي» لكن مواد الصفحات عن موردين من ألمانيا وآسيا وأوقيانوسيا — يبدو مورّداً دولياً لا كياناً إماراتياً؛ الكيان القانوني بالإمارات غير مؤكد.","200","verified_active_uae","",""
"Cobone","D","غير مؤكدة","سوق عروض يحجب الفحص؛ مصدر ثانوي يذكر تسجيلاً مجانياً وعمولة إحالة 15% (غير معتمد).","https://www.cobone.com/","2026-10-09","https://www.cobone.com/","سوق عروض يحجب الفحص؛ مصدر ثانوي يذكر تسجيلاً مجانياً وعمولة إحالة 15% (غير معتمد).","403","protected_not_verified","",""
"OurShoppee","D","غير مؤكدة","منصة تذكرها قوائم ثانوية؛ موقعها لم يستجب.","https://www.ourshoppee.com/","2026-10-09","","منصة تذكرها قوائم ثانوية؛ موقعها لم يستجب.","0","unreachable","",""
"M7L","D","غير مؤكدة","منصة بائعين باشتراك شهري بحسب ترويجها؛ موقعها لم يستجب.","https://www.adsmehub.ae/en/explore/post-details/m7l-interview","2026-10-09","","منصة بائعين باشتراك شهري بحسب ترويجها؛ موقعها لم يستجب.","0","unreachable","",""