"INCI ingredient","On box artwork (LBH 004 / exp 30.09.2028)","In details file (batch LRO 001 / exp 30.08.2027)","Catalog (EN/AR)","Difference"
"Glycine Soja Oil","yes","yes","not listed (catalog gives only: Active Ingredients: Rosemary Oil)","same"
"Rosmarinus Officinalis Leaf Oil","yes","yes","not listed (catalog gives only: Active Ingredients: Rosemary Oil)","same"
"Simmondsia Chinensis Seed Oil","yes","yes","not listed (catalog gives only: Active Ingredients: Rosemary Oil)","same"
"Mentha Piperita Oil","yes","yes","not listed (catalog gives only: Active Ingredients: Rosemary Oil)","same"
"Eucalyptus Globulus Leaf Oil","yes","yes","not listed (catalog gives only: Active Ingredients: Rosemary Oil)","same"
"Menthol","yes","yes","not listed (catalog gives only: Active Ingredients: Rosemary Oil)","same"
"Cocos Nucifera Oil","yes","yes","not listed (catalog gives only: Active Ingredients: Rosemary Oil)","same"
"Equisetum Arvense Extract","yes","no","not listed (catalog gives only: Active Ingredients: Rosemary Oil)","box only"
"Aloe Barbadensis Extract","yes","yes","not listed (catalog gives only: Active Ingredients: Rosemary Oil)","same"
"Lavandula Angustifolia Oil","yes","yes","not listed (catalog gives only: Active Ingredients: Rosemary Oil)","same"
"Triticum Vulgare Germ Oil","yes","yes","not listed (catalog gives only: Active Ingredients: Rosemary Oil)","same"
"Carthamus Tinctorius Seed Oil","yes","yes","not listed (catalog gives only: Active Ingredients: Rosemary Oil)","same"
"Oenothera Biennis Oil","yes","yes","not listed (catalog gives only: Active Ingredients: Rosemary Oil)","same"
"Vitis Vinifera Seed Oil","yes","yes","not listed (catalog gives only: Active Ingredients: Rosemary Oil)","same"
"Benzyl Nicotinate","yes","no","not listed (catalog gives only: Active Ingredients: Rosemary Oil)","box only"
"Prunus Amygdalus Dulcis Oil","yes","yes","not listed (catalog gives only: Active Ingredients: Rosemary Oil)","same"
"Oryza Sativa Bran Oil","yes","no","not listed (catalog gives only: Active Ingredients: Rosemary Oil)","box only"
"Tocopheryl Acetate","yes","yes","not listed (catalog gives only: Active Ingredients: Rosemary Oil)","same"
"Arctium Lappa Root Extract","yes","no","not listed (catalog gives only: Active Ingredients: Rosemary Oil)","box only"
"Glycerin","yes","no","not listed (catalog gives only: Active Ingredients: Rosemary Oil)","box only"
"Apium Graveolens Seed Extract","yes","no","not listed (catalog gives only: Active Ingredients: Rosemary Oil)","box only"
"Ascorbic Acid","yes","no","not listed (catalog gives only: Active Ingredients: Rosemary Oil)","box only"
"Ocimum Basilicum Oil","yes","no","not listed (catalog gives only: Active Ingredients: Rosemary Oil)","box only"
"Pogostemon Cablin Oil","yes","no","not listed (catalog gives only: Active Ingredients: Rosemary Oil)","box only"
"Salvia Officinalis Oil","yes","no","not listed (catalog gives only: Active Ingredients: Rosemary Oil)","box only"
"Silica","yes","no","not listed (catalog gives only: Active Ingredients: Rosemary Oil)","box only"
"Urtica Dioica Extract","yes","no","not listed (catalog gives only: Active Ingredients: Rosemary Oil)","box only"
"Melaleuca Alternifolia Leaf Oil","yes","no","not listed (catalog gives only: Active Ingredients: Rosemary Oil)","box only"
"Ricinus Communis Seed Oil","yes","yes","not listed (catalog gives only: Active Ingredients: Rosemary Oil)","same"
"Malus Domestica Fruit Extract","yes","yes","not listed (catalog gives only: Active Ingredients: Rosemary Oil)","same"
"Helianthus Annuus Seed Oil","no","yes","not listed (catalog gives only: Active Ingredients: Rosemary Oil)","details file only"
"Boswellia Serrata Extract","no","yes","not listed (catalog gives only: Active Ingredients: Rosemary Oil)","details file only"
"Nigella Sativa Oil","no","yes","not listed (catalog gives only: Active Ingredients: Rosemary Oil)","details file only"
"Corylus Avellana Seed Oil","no","yes","not listed (catalog gives only: Active Ingredients: Rosemary Oil)","details file only"
"Anthemis Nobilis Extract","no","yes","not listed (catalog gives only: Active Ingredients: Rosemary Oil)","details file only"
"Argania Spinosa Kernel Oil","no","yes","not listed (catalog gives only: Active Ingredients: Rosemary Oil)","details file only"
"Persea Gratissima Oil","no","yes","not listed (catalog gives only: Active Ingredients: Rosemary Oil)","details file only"
"Macadamia Ternifolia Seed Oil","no","yes","not listed (catalog gives only: Active Ingredients: Rosemary Oil)","details file only"
"Linum Usitatissimum Seed Oil","no","yes","not listed (catalog gives only: Active Ingredients: Rosemary Oil)","details file only"
"Biotin","NO (front claim only: ""Blended with Biotin and Natural Oils"")","NO","not listed (catalog Hair Oil lists Rosemary Oil only; Biotin appears only for Rosemary Shampoo)","Biotin in NO INCI list found; claim exists only on pack front"