rank,list,id,lowes_fit_score,ig_handle,ig_url,display_name,tier,followers_shown,emirate,engagement_rate,price,collab_model,fit_reason,source_urls,verified_at
"1","top30","AE-CR-190","101","maryiumxugc","https://www.instagram.com/maryiumxugc","Maryium Naqash","nano","1k-10k","Abu Dhabi","غير معروف","من $50 (مُعلَن ذاتياً — collabstr)","غير معروف — لا دليل منشور على مجاني/هدية/Barter","محتوى عناية بالبشرة (سيروم/SPF/روتين) · يقدّم UGC/مراجعات منتجات · سعر مُعلَن ذاتياً يبدأ من $50 · Nano — Abu Dhabi","https://collabstr.com/maryiumnaqash | https://collabstr.com/top-influencers/user-generated-content/in/united-arab-emirates/abu-dhabi","2026-10-08"
"2","top30","AE-CR-197","101","_renjuzzz","https://www.instagram.com/_renjuzzz","Renjitha Sujith","nano","9.3k","Abu Dhabi","غير معروف","من $50 (مُعلَن ذاتياً — collabstr)","غير معروف — لا دليل منشور على مجاني/هدية/Barter","محتوى عناية بالبشرة (سيروم/SPF/روتين) · يقدّم UGC/مراجعات منتجات · سعر مُعلَن ذاتياً يبدأ من $50 · Nano — Abu Dhabi","https://collabstr.com/renjitha | https://collabstr.com/top-influencers/user-generated-content/in/united-arab-emirates/abu-dhabi","2026-10-08"
"3","top30","AE-CR-167","95","amana.btw","https://www.instagram.com/amana.btw","Amana Badishan","nano","1.4k","Sharjah","غير معروف","من $50 (مُعلَن ذاتياً — collabstr)","غير معروف — لا دليل منشور على مجاني/هدية/Barter","محتوى عناية بالبشرة (سيروم/SPF/روتين) · سعر مُعلَن ذاتياً يبدأ من $50 · Nano — Sharjah","https://collabstr.com/amanabtw | https://collabstr.com/top-influencers/user-generated-content/in/united-arab-emirates/sharjah | https://collabstr.com/top-influencers/in/united-arab-emirates/sharjah","2026-10-08"
"4","top30","AE-CR-201","95","_shamaal","https://www.instagram.com/_shamaal","Shama","nano","2.2k","Abu Dhabi","غير معروف","من $50 (مُعلَن ذاتياً — collabstr)","غير معروف — لا دليل منشور على مجاني/هدية/Barter","محتوى عناية بالبشرة (سيروم/SPF/روتين) · سعر مُعلَن ذاتياً يبدأ من $50 · Nano — Abu Dhabi","https://collabstr.com/shama | https://collabstr.com/top-influencers/user-generated-content/in/united-arab-emirates/abu-dhabi","2026-10-08"
"5","top30","AE-CR-175","94","bimala_space","https://www.instagram.com/bimala_space","Bimala Tamang","micro","1.2k / 19.8k","Sharjah","غير معروف","من $75 (مُعلَن ذاتياً — collabstr)","غير معروف — لا دليل منشور على مجاني/هدية/Barter","محتوى عناية بالبشرة (سيروم/SPF/روتين) · يقدّم UGC/مراجعات منتجات · سعر مُعلَن ذاتياً يبدأ من $75 · Micro — Sharjah","https://collabstr.com/bimala | https://collabstr.com/top-influencers/user-generated-content/in/united-arab-emirates/sharjah","2026-10-08"
"6","top30","AE-CR-036","90","jenncregencia","https://www.instagram.com/jenncregencia","Jenn C | UGC Creator UAE","nano","3800","الإمارات (من قائمة إماراتية — الإمارة غير معروفة)","3.04%","غير معروف","غير معروف — لا دليل منشور على مجاني/هدية/Barter","محتوى عناية بالبشرة (سيروم/SPF/روتين) · يقدّم UGC/مراجعات منتجات · Nano — الإمارات (من قائمة إماراتية — الإمارة غير معروفة)","https://www.modash.io/find-influencers/united-arab-emirates/skincare/affiliates","2026-10-08"
"7","top30","AE-CR-139","89","riyola_sanctis","https://www.instagram.com/riyola_sanctis","Riyola Sanctis | Influencer & Content Creator in Dubai","micro","88400","الإمارات (من قائمة إماراتية — الإمارة غير معروفة)","4.39%","غير معروف","غير معروف — لا دليل منشور على مجاني/هدية/Barter","محتوى عناية بالبشرة (سيروم/SPF/روتين) · يغطي العناية بالشعر (مناسب لزيت الروزماري) · يقدّم UGC/مراجعات منتجات · Micro — الإمارات (من قائمة إماراتية — الإمارة غير معروفة)","https://www.modash.io/find-influencers/united-arab-emirates/dubai/affiliates","2026-10-08"
"8","top30","AE-CR-172","88","ataro_ataro_","https://www.instagram.com/ataro_ataro_","Meggy Donna","micro","10.0k / 42.8k","Abu Dhabi","غير معروف","من $100 (مُعلَن ذاتياً — collabstr)","غير معروف — لا دليل منشور على مجاني/هدية/Barter","محتوى عناية بالبشرة (سيروم/SPF/روتين) · سعر مُعلَن ذاتياً يبدأ من $100 · Micro — Abu Dhabi","https://collabstr.com/ataro | https://collabstr.com/top-influencers/user-generated-content/in/united-arab-emirates/abu-dhabi","2026-10-08"
"9","top30","AE-CR-195","88","nuunino","https://www.instagram.com/nuunino","Nuhaila Borni","micro","13.8k","Dubai","غير معروف","من $50 (مُعلَن ذاتياً — collabstr)","غير معروف — لا دليل منشور على مجاني/هدية/Barter","محتوى عناية بالبشرة (سيروم/SPF/روتين) · سعر مُعلَن ذاتياً يبدأ من $50 · Micro — Dubai","https://collabstr.com/nuhailab | https://collabstr.com/top-influencers/user-generated-content/in/united-arab-emirates/deira | https://collabstr.com/top-influencers/user-generated-content/in/united-arab-emirates/dubai","2026-10-08"
"10","top30","AE-CR-204","88","soft.glam_batool","https://www.instagram.com/soft.glam_batool","Soft Glam By Batool","micro","0-1k / 16.9k","Sharjah","غير معروف","من $50 (مُعلَن ذاتياً — collabstr)","غير معروف — لا دليل منشور على مجاني/هدية/Barter","محتوى عناية بالبشرة (سيروم/SPF/روتين) · سعر مُعلَن ذاتياً يبدأ من $50 · Micro — Sharjah","https://collabstr.com/softglambybatool | https://collabstr.com/top-influencers/user-generated-content/in/united-arab-emirates/sharjah | https://collabstr.com/top-influencers/in/united-arab-emirates/sharjah","2026-10-08"
"11","top30","AE-CR-030","85","_razazz","https://www.instagram.com/_razazz","✨ Razaz | رزاز ✨","micro","20700","الإمارات (من قائمة إماراتية — الإمارة غير معروفة)","5.25%","غير معروف","غير معروف — لا دليل منشور على مجاني/هدية/Barter","محتوى عناية بالبشرة (سيروم/SPF/روتين) · رخصة معلِن إماراتية مذكورة بالبايو · Micro — الإمارات (من قائمة إماراتية — الإمارة غير معروفة)","https://www.modash.io/find-influencers/united-arab-emirates/skincare/affiliates","2026-10-08"
"12","top30","AE-CR-046","80","megan_al_marzooqi","https://www.instagram.com/megan_al_marzooqi","🦄 Megan Al Marzooqi 🦄","nano","7300","الإمارات (من قائمة إماراتية — الإمارة غير معروفة)","4.37%","غير معروف","غير معروف — لا دليل منشور على مجاني/هدية/Barter","محتوى عناية بالبشرة (سيروم/SPF/روتين) · جمهور/محتوى عربي محتمل · Nano — الإمارات (من قائمة إماراتية — الإمارة غير معروفة)","https://www.modash.io/find-influencers/united-arab-emirates/skincare","2026-10-08"
"13","top30","AE-CR-191","80","","","Melisnur Dalyanda","nano","5.1k / 2.1k / 1k-10k","Sharjah","غير معروف","من $50 (مُعلَن ذاتياً — collabstr)","غير معروف — لا دليل منشور على مجاني/هدية/Barter","محتوى عناية بالبشرة (سيروم/SPF/روتين) · سعر مُعلَن ذاتياً يبدأ من $50 · Nano — Sharjah · ⚠️ handle إنستغرام غير مؤكد","https://collabstr.com/melisnur | https://collabstr.com/top-influencers/user-generated-content/in/united-arab-emirates/sharjah | https://collabstr.com/top-influencers/in/united-arab-emirates/sharjah","2026-10-08"
"14","top30","AE-CR-192","75","","","Mindfullystudio","nano","2.0k / 12","Abu Dhabi","غير معروف","من $150 (مُعلَن ذاتياً — collabstr)","غير معروف — لا دليل منشور على مجاني/هدية/Barter","محتوى عناية بالبشرة (سيروم/SPF/روتين) · يقدّم UGC/مراجعات منتجات · Nano — Abu Dhabi · ⚠️ handle إنستغرام غير مؤكد","https://collabstr.com/mindfullystudio | https://collabstr.com/top-influencers/user-generated-content/in/united-arab-emirates/abu-dhabi","2026-10-08"
"15","top30","AE-CR-039","74","mahasenbasharmuneer","https://www.instagram.com/mahasenbasharmuneer","Mahasen Bashar","nano","9000","الإمارات (من قائمة إماراتية — الإمارة غير معروفة)","1.12%","غير معروف","غير معروف — لا دليل منشور على مجاني/هدية/Barter","محتوى عناية بالبشرة (سيروم/SPF/روتين) · Nano — الإمارات (من قائمة إماراتية — الإمارة غير معروفة)","https://www.modash.io/find-influencers/united-arab-emirates/skincare/affiliates","2026-10-08"
"16","top30","AE-CR-040","74","nuf.luv","https://www.instagram.com/nuf.luv","𝑵𝒖𝒇♡𝒍𝒖𝒗","nano","4900","الإمارات (من قائمة إماراتية — الإمارة غير معروفة)","1.01%","غير معروف","غير معروف — لا دليل منشور على مجاني/هدية/Barter","محتوى عناية بالبشرة (سيروم/SPF/روتين) · Nano — الإمارات (من قائمة إماراتية — الإمارة غير معروفة)","https://www.modash.io/find-influencers/united-arab-emirates/skincare/affiliates","2026-10-08"
"17","top30","AE-CR-050","74","iwishyouclearskin","https://www.instagram.com/iwishyouclearskin","Mommy B","nano","4500","الإمارات (من قائمة إماراتية — الإمارة غير معروفة)","1.1%","غير معروف","غير معروف — لا دليل منشور على مجاني/هدية/Barter","محتوى عناية بالبشرة (سيروم/SPF/روتين) · Nano — الإمارات (من قائمة إماراتية — الإمارة غير معروفة)","https://www.modash.io/find-influencers/united-arab-emirates/skincare","2026-10-08"
"18","top30","AE-CR-189","74","margo.pleskachova","https://www.instagram.com/margo.pleskachova","Margaryta Pleskachova","nano","1.5k / 0-1k","Sharjah","غير معروف","من $50 (مُعلَن ذاتياً — collabstr)","غير معروف — لا دليل منشور على مجاني/هدية/Barter","يقدّم UGC/مراجعات منتجات · سعر مُعلَن ذاتياً يبدأ من $50 · Nano — Sharjah","https://collabstr.com/margopleskachova | https://collabstr.com/top-influencers/user-generated-content/in/united-arab-emirates/sharjah | https://collabstr.com/top-influencers/in/united-arab-emirates/sharjah","2026-10-08"
"19","top30","AE-CR-027","73","mrw3._","https://www.instagram.com/mrw3._","MarwaBeautyGlamAE💋💄","micro","10600","الإمارات (من قائمة إماراتية — الإمارة غير معروفة)","3.11%","غير معروف","غير معروف — لا دليل منشور على مجاني/هدية/Barter","محتوى عناية بالبشرة (سيروم/SPF/روتين) · جمهور/محتوى عربي محتمل · Micro — الإمارات (من قائمة إماراتية — الإمارة غير معروفة)","https://www.modash.io/find-influencers/united-arab-emirates/skincare/affiliates","2026-10-08"
"20","top30","AE-CR-149","73","daniellafabboud","https://www.instagram.com/daniellafabboud","DaniellaAbboud","micro","23000","Dubai","غير معروف","غير معروف","غير معروف — لا دليل منشور على مجاني/هدية/Barter","محتوى عناية بالبشرة (سيروم/SPF/روتين) · يغطي العناية بالشعر (مناسب لزيت الروزماري) · Micro — Dubai","https://www.elev8or.io/c/DaniellaAbboud","2026-10-08"
"21","top30","AE-CR-151","73","Softlifebyjaki_","https://www.instagram.com/Softlifebyjaki_","Jaki","micro","15000","Dubai","غير معروف","غير معروف","غير معروف — لا دليل منشور على مجاني/هدية/Barter","محتوى عناية بالبشرة (سيروم/SPF/روتين) · يغطي العناية بالشعر (مناسب لزيت الروزماري) · Micro — Dubai","https://www.elev8or.io/c/Jaki","2026-10-08"
"22","top30","AE-CR-049","70","elaf_abdulgadir","https://www.instagram.com/elaf_abdulgadir","Elaf Abdulgadir إيلاف عبدالقادر","nano","4900","الإمارات (من قائمة إماراتية — الإمارة غير معروفة)","1%","غير معروف","غير معروف — لا دليل منشور على مجاني/هدية/Barter","محتوى عناية بالبشرة (سيروم/SPF/روتين) · يقدّم UGC/مراجعات منتجات · Nano — الإمارات (من قائمة إماراتية — الإمارة غير معروفة)","https://www.modash.io/find-influencers/united-arab-emirates/skincare","2026-10-08"
"23","top30","AE-CR-184","68","helloamaliia","https://www.instagram.com/helloamaliia","Amalia","nano","5.2k","Dubai","غير معروف","من $80 (مُعلَن ذاتياً — collabstr)","غير معروف — لا دليل منشور على مجاني/هدية/Barter","سعر مُعلَن ذاتياً يبدأ من $80 · Nano — Dubai","https://collabstr.com/iamamalhadid | https://collabstr.com/top-influencers/user-generated-content/in/united-arab-emirates/deira | https://collabstr.com/top-influencers/user-generated-content/in/united-arab-emirates/dubai | https://collabstr.com/top-influencers/user-generated-content/in/united-arab-emirates","2026-10-08"
"24","top30","AE-CR-209","67","zaviyar.world","https://www.instagram.com/zaviyar.world","Warda Hassan","micro","27.4k / 1k-10k","Sharjah","غير معروف","من $50 (مُعلَن ذاتياً — collabstr)","غير معروف — لا دليل منشور على مجاني/هدية/Barter","يقدّم UGC/مراجعات منتجات · سعر مُعلَن ذاتياً يبدأ من $50 · Micro — Sharjah","https://collabstr.com/wardahassan | https://collabstr.com/top-influencers/in/united-arab-emirates/sharjah","2026-10-08"
"25","top30","AE-CR-180","65","","","Donia Ugc","nano","5.2k / 2.0k / 1.61K","الإمارات (من قائمة إماراتية — الإمارة غير معروفة)","غير معروف","غير معروف","غير معروف — لا دليل منشور على مجاني/هدية/Barter","محتوى عناية بالبشرة (سيروم/SPF/روتين) · يقدّم UGC/مراجعات منتجات · Nano — الإمارات (من قائمة إماراتية — الإمارة غير معروفة) · ⚠️ handle إنستغرام غير مؤكد","https://collabstr.com/glowdiariess | https://collabstr.com/top-influencers/instagram/in/united-arab-emirates/abu-dhabi","2026-10-08"
"26","top30","AE-CR-210","65","","","Renjitha Sujith","nano","9.3k","الإمارات (من قائمة إماراتية — الإمارة غير معروفة)","غير معروف","غير معروف","غير معروف — لا دليل منشور على مجاني/هدية/Barter","محتوى عناية بالبشرة (سيروم/SPF/روتين) · يقدّم UGC/مراجعات منتجات · Nano — الإمارات (من قائمة إماراتية — الإمارة غير معروفة) · ⚠️ handle إنستغرام غير مؤكد","https://collabstr.com/_renjuzzz | https://collabstr.com/top-influencers/instagram/in/united-arab-emirates/abu-dhabi","2026-10-08"
"27","top30","AE-CR-031","64","esharegishpallimakkal","https://www.instagram.com/esharegishpallimakkal","esha","nano","6600","الإمارات (من قائمة إماراتية — الإمارة غير معروفة)","3.14%","غير معروف","غير معروف — لا دليل منشور على مجاني/هدية/Barter","محتوى عناية بالبشرة (سيروم/SPF/روتين) · Nano — الإمارات (من قائمة إماراتية — الإمارة غير معروفة)","https://www.modash.io/find-influencers/united-arab-emirates/skincare/affiliates","2026-10-08"
"28","top30","AE-CR-034","64","callmemaheenn","https://www.instagram.com/callmemaheenn","Maheen | UGC & Content Creator | UAE🇦🇪","nano","7200","الإمارات (من قائمة إماراتية — الإمارة غير معروفة)","3.48%","غير معروف","غير معروف — لا دليل منشور على مجاني/هدية/Barter","محتوى عناية بالبشرة (سيروم/SPF/روتين) · Nano — الإمارات (من قائمة إماراتية — الإمارة غير معروفة)","https://www.modash.io/find-influencers/united-arab-emirates/skincare/affiliates","2026-10-08"
"29","top30","AE-CR-037","64","himani.mevada","https://www.instagram.com/himani.mevada","Himani","nano","4200","الإمارات (من قائمة إماراتية — الإمارة غير معروفة)","2.92%","غير معروف","غير معروف — لا دليل منشور على مجاني/هدية/Barter","محتوى عناية بالبشرة (سيروم/SPF/روتين) · Nano — الإمارات (من قائمة إماراتية — الإمارة غير معروفة)","https://www.modash.io/find-influencers/united-arab-emirates/skincare/affiliates","2026-10-08"
"30","top30","AE-CR-041","64","daniapocketofpeace","https://www.instagram.com/daniapocketofpeace","Dania Sikandar","nano","7900","الإمارات (من قائمة إماراتية — الإمارة غير معروفة)","111.25%","غير معروف","غير معروف — لا دليل منشور على مجاني/هدية/Barter","محتوى عناية بالبشرة (سيروم/SPF/روتين) · Nano — الإمارات (من قائمة إماراتية — الإمارة غير معروفة)","https://www.modash.io/find-influencers/united-arab-emirates/skincare/affiliates","2026-10-08"
"31","reserve20","AE-CR-042","64","_mousuna_","https://www.instagram.com/_mousuna_","Mousuna Imthi","nano","3400","الإمارات (من قائمة إماراتية — الإمارة غير معروفة)","2.56%","غير معروف","غير معروف — لا دليل منشور على مجاني/هدية/Barter","محتوى عناية بالبشرة (سيروم/SPF/روتين) · Nano — الإمارات (من قائمة إماراتية — الإمارة غير معروفة)","https://www.modash.io/find-influencers/united-arab-emirates/skincare/affiliates","2026-10-08"
"32","reserve20","AE-CR-043","64","mehakmaha","https://www.instagram.com/mehakmaha","Mehak Alam","nano","3100","الإمارات (من قائمة إماراتية — الإمارة غير معروفة)","1.16%","غير معروف","غير معروف — لا دليل منشور على مجاني/هدية/Barter","محتوى عناية بالبشرة (سيروم/SPF/روتين) · Nano — الإمارات (من قائمة إماراتية — الإمارة غير معروفة)","https://www.modash.io/find-influencers/united-arab-emirates/skincare/affiliates","2026-10-08"
"33","reserve20","AE-CR-045","64","theglowgazette","https://www.instagram.com/theglowgazette","Jaseema Farook","nano","2700","الإمارات (من قائمة إماراتية — الإمارة غير معروفة)","1.51%","غير معروف","غير معروف — لا دليل منشور على مجاني/هدية/Barter","محتوى عناية بالبشرة (سيروم/SPF/روتين) · Nano — الإمارات (من قائمة إماراتية — الإمارة غير معروفة)","https://www.modash.io/find-influencers/united-arab-emirates/skincare/affiliates","2026-10-08"
"34","reserve20","AE-CR-047","64","touchoffarah","https://www.instagram.com/touchoffarah","Farah Habboush | فرح حبّوش","nano","6900","الإمارات (من قائمة إماراتية — الإمارة غير معروفة)","4.94%","غير معروف","غير معروف — لا دليل منشور على مجاني/هدية/Barter","محتوى عناية بالبشرة (سيروم/SPF/روتين) · Nano — الإمارات (من قائمة إماراتية — الإمارة غير معروفة)","https://www.modash.io/find-influencers/united-arab-emirates/skincare","2026-10-08"
"35","reserve20","AE-CR-048","64","destinypati","https://www.instagram.com/destinypati","Patti Destiny","nano","6800","الإمارات (من قائمة إماراتية — الإمارة غير معروفة)","1.35%","غير معروف","غير معروف — لا دليل منشور على مجاني/هدية/Barter","محتوى عناية بالبشرة (سيروم/SPF/روتين) · Nano — الإمارات (من قائمة إماراتية — الإمارة غير معروفة)","https://www.modash.io/find-influencers/united-arab-emirates/skincare","2026-10-08"
"36","reserve20","AE-CR-051","64","zxk_126","https://www.instagram.com/zxk_126","زينب","nano","4200","الإمارات (من قائمة إماراتية — الإمارة غير معروفة)","2.52%","غير معروف","غير معروف — لا دليل منشور على مجاني/هدية/Barter","محتوى عناية بالبشرة (سيروم/SPF/روتين) · Nano — الإمارات (من قائمة إماراتية — الإمارة غير معروفة)","https://www.modash.io/find-influencers/united-arab-emirates/skincare","2026-10-08"
"37","reserve20","AE-CR-067","64","ms.halabi_","https://www.instagram.com/ms.halabi_","Ms. Steph Halabi","micro","93400","الإمارات (من قائمة إماراتية — الإمارة غير معروفة)","2.19%","غير معروف","غير معروف — لا دليل منشور على مجاني/هدية/Barter","جمهور/محتوى عربي محتمل · رخصة معلِن إماراتية مذكورة بالبايو · Micro — الإمارات (من قائمة إماراتية — الإمارة غير معروفة)","https://www.modash.io/find-influencers/united-arab-emirates/beauty","2026-10-08"
"38","reserve20","AE-CR-196","63","pillayvedica","https://www.instagram.com/pillayvedica","Ved","nano","3.1k","Dubai","غير معروف","من $200 (مُعلَن ذاتياً — collabstr)","غير معروف — لا دليل منشور على مجاني/هدية/Barter","يقدّم UGC/مراجعات منتجات · Nano — Dubai","https://collabstr.com/pillayvedica | https://collabstr.com/top-influencers/user-generated-content/in/united-arab-emirates/dubai","2026-10-08"
"39","reserve20","AE-CR-194","61","theoriginalnafoor","https://www.instagram.com/theoriginalnafoor","Nafoor Aljundi","micro","11.4k / 5.9k","Dubai","غير معروف","من $50 (مُعلَن ذاتياً — collabstr)","غير معروف — لا دليل منشور على مجاني/هدية/Barter","سعر مُعلَن ذاتياً يبدأ من $50 · Micro — Dubai","https://collabstr.com/nafoor | https://collabstr.com/top-influencers/user-generated-content/in/united-arab-emirates/ajman | https://collabstr.com/top-influencers/user-generated-content/in/united-arab-emirates/deira | https://collabstr.com/top-influencers/user-generated-content/in/united-arab-emirates/dubai | https://collabstr.com/top-influencers/user-generated-content/in/united-arab-emirates","2026-10-08"
"40","reserve20","AE-CR-200","61","sanathedentist","https://www.instagram.com/sanathedentist","Sanathedentist","micro","65.6k / 81.0k / 29.2K","Dubai","غير معروف","من $50 (مُعلَن ذاتياً — collabstr)","غير معروف — لا دليل منشور على مجاني/هدية/Barter","سعر مُعلَن ذاتياً يبدأ من $50 · Micro — Dubai","https://collabstr.com/sanathedentist | https://collabstr.com/top-influencers/user-generated-content/in/united-arab-emirates/deira | https://collabstr.com/top-influencers/user-generated-content/in/united-arab-emirates/dubai | https://collabstr.com/top-influencers/user-generated-content/in/united-arab-emirates","2026-10-08"
"41","reserve20","AE-CR-028","57","blissinbits","https://www.instagram.com/blissinbits","Shriya Anup","micro","74900","الإمارات (من قائمة إماراتية — الإمارة غير معروفة)","1.35%","غير معروف","غير معروف — لا دليل منشور على مجاني/هدية/Barter","محتوى عناية بالبشرة (سيروم/SPF/روتين) · Micro — الإمارات (من قائمة إماراتية — الإمارة غير معروفة)","https://www.modash.io/find-influencers/united-arab-emirates/skincare/affiliates","2026-10-08"
"42","reserve20","AE-CR-032","57","themizway","https://www.instagram.com/themizway","Mizriya Usman | Dubai Licensed Influencer | UGC Creator","micro","13600","الإمارات (من قائمة إماراتية — الإمارة غير معروفة)","1.39%","غير معروف","غير معروف — لا دليل منشور على مجاني/هدية/Barter","محتوى عناية بالبشرة (سيروم/SPF/روتين) · Micro — الإمارات (من قائمة إماراتية — الإمارة غير معروفة)","https://www.modash.io/find-influencers/united-arab-emirates/skincare/affiliates","2026-10-08"
"43","reserve20","AE-CR-033","57","chandnee_yoga","https://www.instagram.com/chandnee_yoga","Chandnee Kaurani","micro","11900","الإمارات (من قائمة إماراتية — الإمارة غير معروفة)","1.42%","غير معروف","غير معروف — لا دليل منشور على مجاني/هدية/Barter","محتوى عناية بالبشرة (سيروم/SPF/روتين) · Micro — الإمارات (من قائمة إماراتية — الإمارة غير معروفة)","https://www.modash.io/find-influencers/united-arab-emirates/skincare/affiliates","2026-10-08"
"44","reserve20","AE-CR-044","57","bochraelkateb","https://www.instagram.com/bochraelkateb","Bochra El Kateb","micro","11400","الإمارات (من قائمة إماراتية — الإمارة غير معروفة)","4.08%","غير معروف","غير معروف — لا دليل منشور على مجاني/هدية/Barter","محتوى عناية بالبشرة (سيروم/SPF/روتين) · Micro — الإمارات (من قائمة إماراتية — الإمارة غير معروفة)","https://www.modash.io/find-influencers/united-arab-emirates/skincare/affiliates","2026-10-08"
"45","reserve20","AE-CR-075","56","denahmed.88","https://www.instagram.com/denahmed.88","Dena","micro","43400","الإمارات (من قائمة إماراتية — الإمارة غير معروفة)","1.04%","غير معروف","غير معروف — لا دليل منشور على مجاني/هدية/Barter","يقدّم UGC/مراجعات منتجات · Micro — الإمارات (من قائمة إماراتية — الإمارة غير معروفة)","https://www.modash.io/find-influencers/united-arab-emirates/dubai/beauty","2026-10-08"
"46","reserve20","AE-CR-203","56","itselleliana","https://www.instagram.com/itselleliana","Elle","micro","18.0k / 709","Dubai","غير معروف","من $200 (مُعلَن ذاتياً — collabstr)","غير معروف — لا دليل منشور على مجاني/هدية/Barter","يقدّم UGC/مراجعات منتجات · Micro — Dubai","https://collabstr.com/shesthelife | https://collabstr.com/top-influencers/user-generated-content/in/united-arab-emirates/ajman | https://collabstr.com/top-influencers/user-generated-content/in/united-arab-emirates/deira | https://collabstr.com/top-influencers/user-generated-content/in/united-arab-emirates/dubai | https://collabstr.com/top-influencers/user-generated-content/in/united-arab-emirates | https://collabstr.com/top-influencers/in/united-arab-emirates","2026-10-08"
"47","reserve20","AE-CR-169","52","","","Angelina Tabu","micro","15.0k / 17.0k","Abu Dhabi","غير معروف","من $100 (مُعلَن ذاتياً — collabstr)","غير معروف — لا دليل منشور على مجاني/هدية/Barter","يقدّم UGC/مراجعات منتجات · سعر مُعلَن ذاتياً يبدأ من $100 · Micro — Abu Dhabi · ⚠️ handle إنستغرام غير مؤكد","https://collabstr.com/anjelandia | https://collabstr.com/top-influencers/user-generated-content/in/united-arab-emirates/abu-dhabi","2026-10-08"
"48","reserve20","AE-CR-173","52","","","Meggy Donna","micro","10.0k / 42.8k","الإمارات (من قائمة إماراتية — الإمارة غير معروفة)","غير معروف","غير معروف","غير معروف — لا دليل منشور على مجاني/هدية/Barter","محتوى عناية بالبشرة (سيروم/SPF/روتين) · Micro — الإمارات (من قائمة إماراتية — الإمارة غير معروفة) · ⚠️ handle إنستغرام غير مؤكد","https://collabstr.com/ataro_ataro | https://collabstr.com/top-influencers/instagram/in/united-arab-emirates/abu-dhabi","2026-10-08"
"49","reserve20","AE-CR-183","52","","","Humaira Naz","micro","18.3k / 0-1k / 0-1k","Sharjah","غير معروف","من $50 (مُعلَن ذاتياً — collabstr)","غير معروف — لا دليل منشور على مجاني/هدية/Barter","يقدّم UGC/مراجعات منتجات · سعر مُعلَن ذاتياً يبدأ من $50 · Micro — Sharjah · ⚠️ handle إنستغرام غير مؤكد","https://collabstr.com/humairaimran | https://collabstr.com/top-influencers/in/united-arab-emirates/sharjah","2026-10-08"
"50","reserve20","AE-CR-071","48","life_of_shery","https://www.instagram.com/life_of_shery","Sherbano zaidi","micro","59800","الإمارات (من قائمة إماراتية — الإمارة غير معروفة)","1.74%","غير معروف","غير معروف — لا دليل منشور على مجاني/هدية/Barter","رخصة معلِن إماراتية مذكورة بالبايو · Micro — الإمارات (من قائمة إماراتية — الإمارة غير معروفة)","https://www.modash.io/find-influencers/united-arab-emirates/dubai/beauty","2026-10-08"