name,branches_seen,cities_seen,talabat_names,province,priority,score
"Medon Pharmacy","27","Dubai / Abu Dhabi / Sharjah / Ras Al Khaima / Ajman / Fujairah","Express By Medon / Medon Pharmacy / Medon First Pharmacy","Nationwide","C","42"
"Med7 Pharmacy","25","Dubai / Sharjah / Ras Al Khaima / Ajman / Fujairah / Umm Al-Quwain","Med7 Pharmacy / Med7 Express / Med7 / Med 7 Pharmacy","Nationwide","C","34"
"Nahdi Pharmacy","20","Dubai / Abu Dhabi / Sharjah / Ras Al Khaima / Al Ain / Ajman / Fujairah","Nahdi Pharmacy / Nahdi Express","Nationwide","C","42"
"Health First Pharmacy","18","Dubai / Abu Dhabi / Sharjah / Ras Al Khaima / Al Ain / Fujairah / Umm Al-Quwain","Health First Pharmacy","Nationwide","C","34"
"Lana Pharmacy","16","Dubai / Abu Dhabi / Sharjah / Ajman / Fujairah","Lana Express / Lana Pharmacy","Nationwide","C","34"
"Modern Pharmacy","15","Dubai / Abu Dhabi / Sharjah / Al Ain / Ajman / Fujairah","Modern Pharmacy / Bioderma Powered By Modern Pharmacy","Nationwide","C","38"
"Docib Pharmacy","10","Dubai / Abu Dhabi / Sharjah / Al Ain / Fujairah / Umm Al-Quwain","Docib Pharmacy","Nationwide","C","34"
"Faith Pharmacy","10","Dubai / Abu Dhabi / Sharjah / Ras Al Khaima / Ajman / Fujairah / Umm Al-Quwain","Faith Pharmacy","Nationwide","C","34"
"Al Ain Pharmacy","6","Dubai / Abu Dhabi / Al Ain","Al Ain Pharmacy, Dubai World Trade Center - DWTC / Al Ain Pharmacy, Damac Hill / Al Ain Pharmacy, Madinat Al Riyad / Al Ain Pharmacy, Al Salamat District / Al Ain Pharmacy / Al Ain Pharmacy, Falaj Hazaa","Abu Dhabi","D","28"
"Drops Pharmacy","6","Abu Dhabi / Al Ain","Drops Pharmacy","Abu Dhabi","D","28"
"Al Fatah Pharmacy","5","Dubai / Sharjah / Ras Al Khaima / Ajman","Al Fatah Pharmacy / Al fatah Pharmacy-LLC","Nationwide","D","28"
"CHS Community Pharmacy","5","Dubai / Abu Dhabi / Sharjah","CHS Community Pharmacy","Nationwide","D","28"
"MedX Pharmacy","5","Dubai / Sharjah","MedX Pharmacy","Dubai","D","28"
"Al Safaa Pharmacies","4","Dubai / Ras Al Khaima / Ajman","Al Safaa Pharmacies","Nationwide","D","28"
"Aston Pharmacy","4","Dubai / Sharjah / Ajman","Aston Pharmacy","Nationwide","D","28"
"Faith Way Pharmacy","4","Dubai / Abu Dhabi / Ras Al Khaima / Ajman","Faith Way Pharmacy","Nationwide","D","28"
"Shefaa Al Madeena Pharmacy","4","Dubai / Abu Dhabi","Shefaa Al Madeena Pharmacy","Dubai","D","28"
"Top Care Pharmacy","4","Dubai / Abu Dhabi","Topcare Pharmacy / TOP CARE PHARMACY","Dubai","D","28"
"Watsons","4","Abu Dhabi / Ras Al Khaima / Al Ain / Umm Al-Quwain","Watsons","Nationwide","D","28"
"Zaitoon Pharmacy","4","Ajman","Zaitoon Pharmacy","Ajman","C","36"
"71 Pharmacy","3","Al Ain","71 PHARMACY","Abu Dhabi","D","28"
"Al Iman Pharmacies","3","Sharjah / Ras Al Khaima / Umm Al-Quwain","Al Iman Pharmacies","Nationwide","D","28"
"Al Kayan Pharmacy","3","Sharjah / Ras Al Khaima / Ajman","Al Kayan Pharmacy","Nationwide","D","28"
"Al Neem Pharmacy","3","Dubai / Ras Al Khaima / Ajman","Al Neem Pharmacy","Nationwide","D","28"
"Janah Pharmacy","3","Ajman / Fujairah","Janah Pharmacy","Fujairah","D","28"
"Marina Pharmacy","3","Dubai / Sharjah","Marina Pharmacy","Dubai","D","28"
"Mashreq Pharmacy","3","Dubai / Sharjah / Fujairah","MASHREQ PHARMACY","Nationwide","D","28"
"Optx 2020","3","Sharjah / Ras Al Khaima / Al Ain","Optx 2020","Nationwide","D","28"
"Sereena Pharmacy","3","Ras Al Khaima / Ajman / Umm Al-Quwain","SEREENA PHARMACY","Nationwide","D","28"
"Zara Pharmacy","3","Dubai / Sharjah / Fujairah","ZARA PHARMACY","Nationwide","D","28"
"Al Ajwaa Pharmacy","2","Ras Al Khaima","Al Ajwaa Pharmacy","Ras Al Khaimah","D","24"
"Al Bayan Pharmacy","2","Al Ain","AL BAYAN PHARMACY","Abu Dhabi","D","24"
"AL Filza Pharmacy","2","Al Ain / Umm Al-Quwain","AL Filza Pharmacy","Abu Dhabi","D","24"
"Al Khawaneej Pharmacy","2","Dubai / Sharjah","Al Khawaneej Pharmacy","Dubai","D","24"
"Al Safa Pharmacy","2","Dubai / Ajman","Al Safa Pharmacy","Dubai","D","24"
"Al Saha Al Jamal Pharmacy","2","Sharjah","Al Saha Al Jamal Pharmacy","Sharjah","D","28"
"Bait Al Hikma Pharmacy","2","Sharjah","Bait Al Hikma Pharmacy","Sharjah","D","24"
"Capital Pharmacy","2","Ras Al Khaima","Capital Pharmacy","Ras Al Khaimah","D","24"
"Carewell Pharmacy","2","Dubai / Fujairah","CAREWELL PHARMACY","Dubai","D","24"
"Dooa Pharmacy","2","Ajman / Umm Al-Quwain","Dooa Pharmacy","Ajman","D","24"
"Gardens Pharmacy","2","Abu Dhabi","GARDENS PHARMACY","Abu Dhabi","D","24"
"Makkah Pharmacy","2","Sharjah / Ras Al Khaima","Makkah Pharmacy","Sharjah","D","24"
"Marhaba Pharmacy","2","Ras Al Khaima","MARHABA PHARMACY","Ras Al Khaimah","D","24"
"Med Care Pharmacy","2","Dubai / Ajman","Med Care Pharmacy","Dubai","D","24"
"Medicom Pharmacy 33","2","Ajman / Umm Al-Quwain","Medicom Pharmacy 33","Ajman","D","24"
"Noor Al Zahiah Pharmacy","2","Sharjah / Fujairah","Noor Al Zahiah Pharmacy","Sharjah","D","24"
"Oxygen Pharmacy","2","Umm Al-Quwain","Oxygen Pharmacy","Umm Al Quwain","D","24"
"Rafeah Pharmacy","2","Sharjah","Rafeah Pharmacy","Sharjah","D","24"
"Sante Pharmacy","2","Dubai","Sante Pharmacy","Dubai","D","24"
"Sondos Pharmacy","2","Dubai","Sondos Pharmacy","Dubai","D","24"
"Two Medios Pharmacy","2","Abu Dhabi","Two Medios Pharmacy","Abu Dhabi","D","24"
"Uds Pharmacy","2","Sharjah / Ajman","UDS PHARMACY","Sharjah","D","24"
"Z'Neem Pharmacy","2","Dubai / Umm Al-Quwain","Z'Neem Pharmacy","Dubai","D","24"
"24 Hour Pharmacy","1","Sharjah","24 Hour Pharmacy","Sharjah","D","18"
"Abeer Pharmacy","1","Sharjah","Abeer Pharmacy","Sharjah","D","18"
"Abu Dhabi Pharmacy","1","Abu Dhabi","Abu Dhabi Pharmacy","Abu Dhabi","D","18"
"Abwab Makkah Pharmacy","1","Ajman","Abwab Makkah Pharmacy","Ajman","D","18"
"Al Basma Pharmacy","1","Sharjah","Al Basma Pharmacy","Sharjah","D","18"
"Al Dewan Pharmacy","1","Al Ain","Al Dewan Pharmacy","Abu Dhabi","D","18"
"Al Esraa Pharmacy","1","Ajman","Al Esraa Pharmacy","Ajman","D","18"
"Al Fateen Pharmacy","1","Ras Al Khaima","Al Fateen Pharmacy","Ras Al Khaimah","D","18"
"Al Fouad Pharmacy","1","Fujairah","AL FOUAD PHARMACY","Fujairah","D","18"
"Al Hamd Pharmacy","1","Fujairah","Al Hamd Pharmacy","Fujairah","D","18"
"Al Inaya Pharmacy","1","Sharjah","Al Inaya Pharmacy","Sharjah","D","18"
"Al Istiqlal Pharmacy","1","Abu Dhabi","AL ISTIQLAL PHARMACY","Abu Dhabi","D","18"
"Al Jazeerah Pharmacy","1","Ajman","Al Jazeerah Pharmacy","Ajman","D","18"
"Al Marwah Pharmacy","1","Ras Al Khaima","Al Marwah Pharmacy","Ras Al Khaimah","D","18"
"AL MEHR pharmacy","1","Fujairah","AL MEHR pharmacy","Fujairah","D","18"
"Al Midad Pharmacy","1","Abu Dhabi","AL MIDAD PHARMACY","Abu Dhabi","D","18"
"Al Nahda Pharmacy","1","Abu Dhabi","Al Nahda Pharmacy","Abu Dhabi","D","18"
"Al Nujoom pharmacy","1","Fujairah","Al Nujoom pharmacy","Fujairah","D","18"
"Al Plaza Pharmacy","1","Ajman","Al Plaza Pharmacy","Ajman","D","18"
"Al Qaraien Pharmacy","1","Sharjah","Al Qaraien Pharmacy","Sharjah","D","18"
"Al Salama Pharmacy","1","Ras Al Khaima","AL SALAMA PHARMACY","Ras Al Khaimah","D","18"
"Al Shamal Pharmacy","1","Ras Al Khaima","Al Shamal Pharmacy","Ras Al Khaimah","D","18"
"Al Shams Pharmacy","1","Sharjah","Al Shams Pharmacy","Sharjah","D","18"
"Al Siha W Al Afia Pharmacy","1","Sharjah","Al Siha W Al Afia Pharmacy","Sharjah","D","18"
"Al Taj Pharmacy","1","Al Ain","Al Taj Pharmacy","Abu Dhabi","D","18"
"Al Wateen Pharmacy","1","Abu Dhabi","Al Wateen Pharmacy","Abu Dhabi","D","18"
"Alba Pharmacy","1","Abu Dhabi","ALBA PHARMACY","Abu Dhabi","D","18"
"Alsaada Pharmacy","1","Ras Al Khaima","Alsaada Pharmacy","Ras Al Khaimah","D","18"
"Althiqa Pharmacy","1","Abu Dhabi","Althiqa  Pharmacy","Abu Dhabi","D","18"
"Arabella Pharmacy","1","Dubai","Arabella Pharmacy","Dubai","D","18"
"Bait Al Maqdes Pharmacy","1","Ajman","Bait Al Maqdes Pharmacy","Ajman","D","18"
"Bassem Pharmacy","1","Abu Dhabi","Bassem Pharmacy","Abu Dhabi","D","18"
"Beauty Tribe","1","Abu Dhabi","BEAUTY TRIBE","Abu Dhabi","D","18"
"Care Pharmacy","1","Ajman","CARE PHARMACY","Ajman","D","18"
"City Life Pharmacy","1","Ajman","City Life Pharmacy","Ajman","D","18"
"Daman Pharmacy","1","Ras Al Khaima","Daman Pharmacy","Ras Al Khaimah","D","18"
"DMC Pharmacy","1","Abu Dhabi","DMC Pharmacy","Abu Dhabi","D","18"
"Dr. Khaled Al Nuaimi Pharmacy","1","Al Ain","Dr. Khaled Al Nuaimi Pharmacy","Abu Dhabi","D","18"
"Eve Pharmacy","1","Ajman","Eve Pharmacy","Ajman","D","18"
"Family Care Pharmacy","1","Sharjah","Family Care Pharmacy","Sharjah","D","18"
"Glam Beaute","1","Ras Al Khaima","Glam Beaute","Ras Al Khaimah","D","18"
"Good Life Pharmacy","1","Al Ain","GOOD LIFE PHARMACY","Abu Dhabi","D","18"
"Grand Capital Pharmacy","1","Fujairah","Grand Capital Pharmacy","Fujairah","D","18"
"Green Belt Pharmacy","1","Sharjah","Green Belt Pharmacy","Sharjah","D","18"
"Hadi Pharmacy","1","Abu Dhabi","Hadi Pharmacy","Abu Dhabi","D","18"
"Health Sense Pharmacy","1","Abu Dhabi","Health Sense Pharmacy","Abu Dhabi","D","18"
"Hikma Pharmacy","1","Sharjah","Hikma Pharmacy","Sharjah","D","18"
"Horizons Pharmacy","1","Abu Dhabi","Horizons Pharmacy","Abu Dhabi","D","18"
"Isra Pharmacy","1","Ajman","ISRA PHARMACY","Ajman","D","18"
"Malak Pharmacy","1","Dubai","Malak Pharmacy","Dubai","D","18"
"Masood Pharmacy","1","Ajman","Masood Pharmacy","Ajman","D","18"
"Med Well Pharmacy","1","Ras Al Khaima","MED WELL PHARMACY","Ras Al Khaimah","D","18"
"Medster Pharmacy","1","Abu Dhabi","MEDSTER PHARMACY","Abu Dhabi","D","18"
"Nahda Pharmacy Al Khalidiyah","1","Abu Dhabi","Nahda Pharmacy Al Khalidiyah","Abu Dhabi","D","18"
"New Dooa Pharmacy","1","Ajman","New Dooa Pharmacy","Ajman","D","18"
"Next Care Plus Pharmacy","1","Ajman","NEXT CARE PLUS PHARMACY","Ajman","D","18"
"Nexus pharmacy (Al Manal Pharmacy)","1","Umm Al-Quwain","Nexus pharmacy (Al Manal Pharmacy)","Umm Al Quwain","D","18"
"Noor Al Basmah Pharmacy","1","Sharjah","Noor Al Basmah Pharmacy","Sharjah","D","18"
"Noor Al Haram Pharmacy","1","Umm Al-Quwain","Noor Al Haram Pharmacy","Umm Al Quwain","D","18"
"Noor Al Zaman Pharmacy","1","Sharjah","NOOR AL ZAMAN PHARMACY","Sharjah","D","18"
"Novo Capital Pharmacy","1","Fujairah","Novo Capital Pharmacy","Fujairah","D","18"
"Omni Care Pharmacy","1","Ras Al Khaima","Omni Care Pharmacy","Ras Al Khaimah","D","18"
"Petra Pharmacy","1","Dubai","Petra Pharmacy","Dubai","D","18"
"pharm C","1","Sharjah","pharm C","Sharjah","D","18"
"Prestige Care Pharmacy","1","Abu Dhabi","PRESTIGE CARE PHARMACY","Abu Dhabi","D","18"
"Prime Care Pharmacy","1","Ras Al Khaima","Prime Care Pharmacy","Ras Al Khaimah","D","18"
"PureHealth Pharmacy","1","Ajman","PureHealth Pharmacy","Ajman","D","18"
"Puremed Pharmacy","1","Ajman","Puremed Pharmacy","Ajman","D","18"
"Royal Top Pharmacy","1","Abu Dhabi","ROYAL TOP PHARMACY","Abu Dhabi","D","18"
"Sabeel Pharmacy","1","Ajman","Sabeel Pharmacy","Ajman","D","18"
"Saja Pharmacy","1","Abu Dhabi","SAJA PHARMACY","Abu Dhabi","D","18"
"Sama Al Zahia Pharmacy","1","Sharjah","SAMA AL ZAHIA PHARMACY","Sharjah","D","18"
"Samaa Al Warqa Pharmacy","1","Dubai","Samaa Al Warqa Pharmacy","Dubai","D","18"
"Sharqan Pharmacy","1","Sharjah","Sharqan Pharmacy","Sharjah","D","18"
"Sheikha Pharmacy","1","Ajman","Sheikha Pharmacy","Ajman","D","18"
"Star Plus Pharmacy","1","Dubai","STAR PLUS PHARMACY","Dubai","D","18"
"Stars Pharmacy","1","Ajman","Stars Pharmacy","Ajman","D","18"
"Tareeq Al Hayat Pharmacy","1","Sharjah","Tareeq Al Hayat Pharmacy","Sharjah","D","18"
"Target Pharmacy","1","Abu Dhabi","Target Pharmacy","Abu Dhabi","D","18"
"The Life Corner Pharmacy","1","Abu Dhabi","THE LIFE CORNER PHARMACY","Abu Dhabi","D","18"
"Tower Pharmacy","1","Abu Dhabi","TOWER PHARMACY","Abu Dhabi","D","18"
"Trudoc Pharmacy","1","Fujairah","Trudoc Pharmacy","Fujairah","D","18"
"Wadi Al Suyou Pharmacy","1","Sharjah","WADI AL SUYOU PHARMACY","Sharjah","D","18"
"Wejdan Pharmacy","1","Umm Al-Quwain","Wejdan Pharmacy","Umm Al Quwain","D","18"
"Yathrib Pharmacy","1","Sharjah","YATHRIB PHARMACY","Sharjah","D","18"