name,emirate,type,website,website_check,seller_or_supplier_route,published_contact,sources,verified_at,lowes_presence
800 Pharmacy,Dubai,صيدلية,https://800pharmacy.ae,verified (own site: 200 + name + UAE),,80074276229,https://800pharmacy.ae | https://www.talabat.com/uae/pharmacy/696395/800-pharmacy-al-dhait/skincare/sun-care?aid=3926,2026-10-08,غير متحقق
Bloomingdale's UAE,Nationwide,متجر أونلاين — عام,https://bloomingdales.ae,verified (own site: 200 + name + UAE),,,https://bloomingdales.ae,2026-10-08,غير متحقق
Comptoir 102,Dubai,متجر/مورد مستحضرات,https://comptoir102.com,verified (own site: 200 + name + UAE),,,https://comptoir102.com | https://buro247.me/?p=21671,2026-10-08,غير متحقق
K-Beauty Arabia,Dubai,متجر أونلاين — تجميل,https://kbeautyarabia.com,verified (own site: 200 + name + UAE),Wholesale Queries → https://kbeauty-wholesale.com/,hello@kbeautyarabia.com,https://kbeautyarabia.com | https://sortlist.co.uk/agency/k-beauty-arabia,2026-10-08,غير متحقق
Lamise Beauty,Nationwide,متجر أونلاين — تجميل,https://www.lamisebeauty.com,verified (own site: 200 + name + UAE),,,https://www.lamisebeauty.com | https://thenationalnews.com/lifestyle/fashion-beauty/2023/11/05/korean-beauty-products-uae,2026-10-08,غير متحقق
MissPalettable,Dubai,متجر أونلاين — تجميل,https://misspalettable.com,verified (own site: 200 + name + UAE),,,https://misspalettable.com | https://yourstory.com/ys-gulf/dubai-bootstrapped-d2c-startup-miss-palettable-clean-conscious-beauty-brands,2026-10-08,غير متحقق
Paris Gallery,Nationwide,سلسلة تجميل/صيدليات,https://parisgallery.ae,verified (own site: 200 + name + UAE),,info@parisgallery.ae,https://parisgallery.ae,2026-10-08,غير متحقق
Union Coop,Nationwide,متجر أونلاين — عام,https://www.unioncoop.ae,verified (own site: 200 + name + UAE),Supplier Portal → https://supplierportal.unioncoop.ae/,info@unioncoop.ae | 8008889,https://www.unioncoop.ae,2026-10-08,غير متحقق
Xpressions Style,Nationwide,متجر أونلاين — تجميل,https://xpressions.ae,verified (own site: 200 + name + UAE),Sell on Xpressions → https://xpressions.ae/pages/welcome-to-the-xpressions-style-partner-program,info@xpressionsstyle.com,https://xpressions.ae | https://xpressions.ae/blogs/news/your-ultimate-guide-to-the-top-30-cosmetic-shops-in-dubai-2025-edition,2026-10-08,غير متحقق
JamaliBox,Dubai,متجر أونلاين — تجميل,https://jamalibox.com,verified (own site: 200 + name + UAE),,,https://jamalibox.com | https://www.cbinsights.com/compare/birchbox-vs-jamalibox,2026-10-08,غير متحقق
Fakhree Al Hindi Group,Dubai,موزّع,https://fakhreealhindi.com,verified (own site: 200 + name + UAE),,,https://fakhreealhindi.com | https://signemagazine.com/femme/maruderm-turkeys-leading-clean-beauty-brand-launches-in-the-uae-with-watsons,2026-10-08,غير متحقق
Najafi (Najafi International / Najafi Cosmetics),Dubai,موزّع,https://najafi.com,verified (own site: 200 + name + UAE),,,https://najafi.com | https://oncosmetics.com/company/najafi-international | https://exhibitor.beautyworldksa.com/exhibitor-search-en/exhibitor-search.detail.html/najafi-cosmetics-co-llc.html,2026-10-08,غير متحقق
Thumbay Pharmacy,Nationwide,صيدلية,,not verified (blocked / failed / mismatch),,,https://gmu.ac.ae/health-care/thumbay-pharmcay/,2026-10-08,غير متحقق
Medicina Pharmacy,Sharjah,صيدلية,,not verified (blocked / failed / mismatch),,,https://www.bayut.com/mybayut/online-pharmacies-sharjah/,2026-10-08,غير متحقق
Kaya Skin Clinic,Nationwide,عيادة جلدية,,not verified (blocked / failed / mismatch),,,https://dhr.gov.ae/en/waffer/participantsdetails/health/kaya-skin-care-clinic1,2026-10-08,غير متحقق
Chicsta,Nationwide,متجر أونلاين — تجميل,,not verified (blocked / failed / mismatch),,,https://www.harpersbazaararabia.com/beauty/skin-care/where-to-buy-korean-skincare-beauty-kbeauty-uae,2026-10-08,غير متحقق
Shofon,Nationwide,متجر أونلاين — تجميل,,not verified (blocked / failed / mismatch),,,https://www.harpersbazaararabia.com/beauty/skin-care/where-to-buy-korean-skincare-beauty-kbeauty-uae | https://www.shofon.com/,2026-10-08,غير متحقق
Nessa Beauty,Nationwide,متجر أونلاين — تجميل,https://nessabeauty.com,verified (own site: 200 + name + UAE),,,https://nessabeauty.com | https://thenationalnews.com/lifestyle/fashion-beauty/2023/11/05/korean-beauty-products-uae,2026-10-08,غير متحقق
Powder,Nationwide,متجر أونلاين — تجميل,,not verified (blocked / failed / mismatch),,,https://www.harpersbazaararabia.com/beauty/skin-care/where-to-buy-korean-skincare-beauty-kbeauty-uae | https://gulfbusiness.com/en/2020/saudi-arabia/uae-based-clean-beauty-retailer-powder-launches-in-saudi-arabia,2026-10-08,غير متحقق
Aspire Beauty Co,Nationwide,متجر أونلاين — تجميل,,not verified (blocked / failed / mismatch),,,https://aeworld.com/?p=89987,2026-10-08,غير متحقق
