id,fit_score,ig_handle,ig_url,display_name,tier,followers_shown,tier_basis,engagement_rate,fake_followers_pct,location,skincare_signal,ugc_signal,uae_ad_permit_in_bio,low_cost_evidence,marketplace_listed,gifted_barter_text_evidence,niche_text,bio_excerpt,sources,source_urls,marketplace_profile_urls,verified_at
AE-CR-167,75,amana.btw,https://www.instagram.com/amana.btw,Amana Badishan,nano,1.4k,collabstr listed (max across unlabeled platforms),,,"Sharjah, SH, United Arab Emirates",true,false,,self-listed on Collabstr: packages from $50 (1 Instagram Story $50; 1 Instagram Reel $50; 1 Instagram Photo Feed Post $50),collabstr,,Student Architect Sharing Lifestyle And Beauty Inspiration,"I’m Amana — a student architect and content creator based in Dubai. With an eye for design and detail, I create clean, aesthetic, and authentic content across lifestyle, beauty, and skincare niches.",collabstr,https://collabstr.com/amanabtw | https://collabstr.com/top-influencers/user-generated-content/in/united-arab-emirates/sharjah | https://collabstr.com/top-influencers/in/united-arab-emirates/sharjah,https://collabstr.com/amanabtw,2026-10-08
AE-CR-190,75,maryiumxugc,https://www.instagram.com/maryiumxugc,Maryium Naqash,nano,1k-10k,collabstr listed (max across unlabeled platforms),,,"Abu Dhabi, AZ, United Arab Emirates",true,true,,self-listed on Collabstr: packages from $50 (1 Instagram Story $50; 1 Instagram Photo Feed Post $100; 1 Instagram Reel (30 Seconds) $150),collabstr,,Beauty And Skincare Content Creator,"Maryium Naqash | UGC Creator Based in Abu Dhabi, UAE 🇦🇪 Creating high-conversion beauty, skincare & lifestyle content with a soft, elevated aesthetic. Bringing your product to life through texture, ",collabstr,https://collabstr.com/maryiumnaqash | https://collabstr.com/top-influencers/user-generated-content/in/united-arab-emirates/abu-dhabi,https://collabstr.com/maryiumnaqash,2026-10-08
AE-CR-191,75,,,Melisnur Dalyanda,nano,5.1k / 2.1k / 1k-10k,collabstr listed (max across unlabeled platforms),,,"Sharjah, SH, United Arab Emirates",true,false,,self-listed on Collabstr: packages from $50 (3 Instagram Stories $70; 1 Instagram Reel (30 Seconds) $99; 1 Instagram Photo Feed Post $99),collabstr,,Wellness And Beauty Lifestyle Influencer,"I'm a Dubai-based lifestyle content creator and an award-winning spiritual life coach. I create content about lifestyle experiences—restaurants and cafés, beauty and skincare, fashion, and self-care—b",collabstr,https://collabstr.com/melisnur | https://collabstr.com/top-influencers/user-generated-content/in/united-arab-emirates/sharjah | https://collabstr.com/top-influencers/in/united-arab-emirates/sharjah,https://collabstr.com/melisnur,2026-10-08
AE-CR-197,75,_renjuzzz,https://www.instagram.com/_renjuzzz,Renjitha Sujith,nano,9.3k,collabstr listed (max across unlabeled platforms),,,"Abu Dhabi, AZ, United Arab Emirates",true,true,,self-listed on Collabstr: packages from $50 (1 Instagram Story $50; 1 Instagram Photo Feed Post $125; 1 Instagram Reel $200),collabstr,,Uae-Based Creator | Luxury | Beauty | Fashion | Storytelling,"I’m a UAE-based UGC creator focused on beauty, skincare, and lifestyle brands. I create luxury-inspired, clean, and aesthetic content that feels both premium and relatable. My work mainly consists of ",collabstr,https://collabstr.com/renjitha | https://collabstr.com/top-influencers/user-generated-content/in/united-arab-emirates/abu-dhabi,https://collabstr.com/renjitha,2026-10-08
AE-CR-201,75,_shamaal,https://www.instagram.com/_shamaal,Shama,nano,2.2k,collabstr listed (max across unlabeled platforms),,,"Abu Dhabi, AZ, United Arab Emirates",true,false,,self-listed on Collabstr: packages from $50 (5 TikTok Videos (40 Seconds) $50; 15 UGC Product Photos $55; 5 UGC Product Videos (1 Minute) $80),collabstr,,Pharmacy Student And Content Creator,"Pharmacy student mostly interested in skincare and makeup, sometime lifestyle and pharmacy college content my audience are 2.1k in tiktok both females and males",collabstr,https://collabstr.com/shama | https://collabstr.com/top-influencers/user-generated-content/in/united-arab-emirates/abu-dhabi,https://collabstr.com/shama,2026-10-08
AE-CR-036,70,jenncregencia,https://www.instagram.com/jenncregencia,Jenn C | UGC Creator UAE,nano,3800,modash (Instagram),3.04%,18.84%,,true,true,,,,,,"▫️ 40 But my skincare says 29✨ | ▫️ Makeup is my love language • UGC | 🏆 Top 40 Beauty Influencer in Dubai(#23) | 📍Dubai,UAE | @jenncregencia",modash:UAE skincare affiliates,https://www.modash.io/find-influencers/united-arab-emirates/skincare/affiliates,,2026-10-08
AE-CR-172,70,ataro_ataro_,https://www.instagram.com/ataro_ataro_,Meggy Donna,micro,10.0k / 42.8k,collabstr listed (max across unlabeled platforms),,,"Abu Dhabi, AZ, United Arab Emirates",true,false,,self-listed on Collabstr: packages from $100 (1 Instagram Photo Feed Post $100; 1 Instagram Story $100; 1 Instagram Reel $150),collabstr,,"Travel Content Creator, Make Up, Skin Care And Wellness","I'm a commercial model and content creator, I really enjoy storytelling whilst promoting products. Most of my content is centered around traveling and living a happy and fulfilling lifestyle. I enjoy ",collabstr,https://collabstr.com/ataro | https://collabstr.com/top-influencers/user-generated-content/in/united-arab-emirates/abu-dhabi,https://collabstr.com/ataro,2026-10-08
AE-CR-175,70,bimala_space,https://www.instagram.com/bimala_space,Bimala Tamang,micro,1.2k / 19.8k,collabstr listed (max across unlabeled platforms),,,"Sharjah, SH, United Arab Emirates",true,true,,self-listed on Collabstr: packages from $75 (1 Instagram Reel $100; 1 TikTok Video $100; 1 UGC Product Video $75),collabstr,,Beauty & Lifestyle Creator,"I create content around beauty, lifestyle, fashion, skincare, home, and product reviews. People follow me for my UAE-based content and for UGC and brand collaboration opportunities across TikTok and I",collabstr,https://collabstr.com/bimala | https://collabstr.com/top-influencers/user-generated-content/in/united-arab-emirates/sharjah,https://collabstr.com/bimala,2026-10-08
AE-CR-195,70,nuunino,https://www.instagram.com/nuunino,Nuhaila Borni,micro,13.8k,collabstr listed (max across unlabeled platforms),,,"Dubai, DU, United Arab Emirates",true,false,,self-listed on Collabstr: packages from $50 (1 TikTok Live (50 Seconds) $50; 1 TikTok Story $50; 1 TikTok Video (2 Minutes) $100),collabstr,,"Beauty, Fitness, Lifestyle Creator","As a passionate content creator in the beauty and lifestyle niche, I specialize in delivering engaging makeup tutorials, comprehensive skincAs a passionate content creator in the beauty and lifestyle ",collabstr,https://collabstr.com/nuhailab | https://collabstr.com/top-influencers/user-generated-content/in/united-arab-emirates/deira | https://collabstr.com/top-influencers/user-generated-content/in/united-arab-emirates/dubai,https://collabstr.com/nuhailab,2026-10-08
AE-CR-204,70,soft.glam_batool,https://www.instagram.com/soft.glam_batool,Soft Glam By Batool,micro,0-1k / 16.9k,collabstr listed (max across unlabeled platforms),,,"Sharjah, SH, United Arab Emirates",true,false,,self-listed on Collabstr: packages from $50 (1 TikTok Story $50; 1 TikTok Video $100; 1 UGC Product Photo $50),collabstr,,"A Beauty Enthusiast Sharing Makeup, Skincare, And Lifestyle Tips.","I'm a beauty and lifestyle content creator with a strong passion for makeup, skincare, and all things self-care. I create content that showcases different looks, skincare routines, and product feature",collabstr,https://collabstr.com/softglambybatool | https://collabstr.com/top-influencers/user-generated-content/in/united-arab-emirates/sharjah | https://collabstr.com/top-influencers/in/united-arab-emirates/sharjah,https://collabstr.com/softglambybatool,2026-10-08
AE-CR-192,68,,,Mindfullystudio,nano,2.0k / 12,collabstr listed (max across unlabeled platforms),,,"Abu Dhabi, AZ, United Arab Emirates",true,true,,self-listed on Collabstr: packages from $150 (1 UGC Product Video $150),collabstr,,Ugc + Content Creator,"Hi, I'm Raiza! A new UGC and content creator, I’m into exploring the latest products and trends that promote healthy skin and lifestyle choices. Through my journey, I aim to share honest reviews, help",collabstr,https://collabstr.com/mindfullystudio | https://collabstr.com/top-influencers/user-generated-content/in/united-arab-emirates/abu-dhabi,https://collabstr.com/mindfullystudio,2026-10-08
AE-CR-030,65,_razazz,https://www.instagram.com/_razazz,✨ Razaz | رزاز ✨,micro,20700,modash (Instagram),5.25%,15.69%,,true,false,4311244,,,,,Skincare • Beauty • Lifestyle | 📍Dubai | @_razazz,modash:UAE skincare affiliates | modash:UAE skincare,https://www.modash.io/find-influencers/united-arab-emirates/skincare/affiliates,,2026-10-08
AE-CR-139,65,riyola_sanctis,https://www.instagram.com/riyola_sanctis,Riyola Sanctis | Influencer & Content Creator in Dubai,micro,88400,modash (Instagram),4.39%,11.33%,,true,true,,,,,,"📍Dubai | 💋Makeup, Skin & Curly Hair• Fashion • lifestyle | 🎬Educator + UGC | APN:9992549 | @riyola_sanctis",modash:Dubai affiliates,https://www.modash.io/find-influencers/united-arab-emirates/dubai/affiliates,,2026-10-08
AE-CR-039,60,mahasenbasharmuneer,https://www.instagram.com/mahasenbasharmuneer,Mahasen Bashar,nano,9000,modash (Instagram),1.12%,18.52%,,true,false,,,,,,✨ Mom of 2 | Beauty & Family Life | 💄 Skincare•Makeup•Perfumes | 🍳 Cooking & Real-Life Moments. Let’s Collaborate ↓ | @mahasenbasharmuneer,modash:UAE skincare affiliates | modash:UAE skincare,https://www.modash.io/find-influencers/united-arab-emirates/skincare/affiliates,,2026-10-08
AE-CR-040,60,nuf.luv,https://www.instagram.com/nuf.luv,𝑵𝒖𝒇♡𝒍𝒖𝒗,nano,4900,modash (Instagram),1.01%,22.62%,,true,false,,,,,,🇦🇪 UAE | 📸 Lifestyle Creator | 🍽️ Savoring Flavors | 👒 Fashion • Skincare | 🌍 Travel Explorer | 📩 Collaborations & PR | 🎬 Join My YouTube Journey ⬇️,modash:UAE skincare affiliates | modash:UAE skincare,https://www.modash.io/find-influencers/united-arab-emirates/skincare/affiliates,,2026-10-08
AE-CR-046,60,megan_al_marzooqi,https://www.instagram.com/megan_al_marzooqi,🦄 Megan Al Marzooqi 🦄,nano,7300,modash (Instagram),4.37%,19.06%,,true,false,,,,,,"Owner @realmumsuae, 1/2 of @living_emirati & @stories_of_the_sands.🐪 | ☘️ Khaleesi to an 🇦🇪 Khal, | 5 boys & a 🐺 in our 🏠. | Obsessor of 🦄’s, skincare & ✈️. | @megan_al_marzooqi",modash:UAE skincare,https://www.modash.io/find-influencers/united-arab-emirates/skincare,,2026-10-08
AE-CR-050,60,iwishyouclearskin,https://www.instagram.com/iwishyouclearskin,Mommy B,nano,4500,modash (Instagram),1.1%,14.9%,,true,false,,,,,,"🎀 breast cancer warrior | 💁🏻‍♀️ skincare, mum life, & everything in between | ✨ @mybabyoshop @lunaauradubai | 🛒 more discount codes below | @iwishyouclearskin",modash:UAE skincare,https://www.modash.io/find-influencers/united-arab-emirates/skincare,,2026-10-08
AE-CR-180,60,,,Donia Ugc,nano,5.2k / 2.0k / 1.61K,collabstr listed (max across unlabeled platforms),,,,true,true,,,collabstr,,1.84%,"Engagement Rate Ugc Creator Passionate About Lifestyle, Beauty,Skincare Things 💞 Hi, I’m Donia,23 year old passionate UGC creator driven by creativity and authenticity. I strive to craft content that",collabstr,https://collabstr.com/glowdiariess | https://collabstr.com/top-influencers/instagram/in/united-arab-emirates/abu-dhabi,https://collabstr.com/glowdiariess,2026-10-08
AE-CR-184,60,helloamaliia,https://www.instagram.com/helloamaliia,Amalia,nano,5.2k,collabstr listed (max across unlabeled platforms),,,"Dubai, DU, United Arab Emirates",false,false,,self-listed on Collabstr: packages from $80 (3 Instagram Stories $100; 1 Instagram Reel $300; 1 UGC Product Photo $80),collabstr,,"Fashion, Beauty And Lifestyle","I'm a professional international model and content creator. My blog is dedicated to style, beauty, and the world of fashion.",collabstr,https://collabstr.com/iamamalhadid | https://collabstr.com/top-influencers/user-generated-content/in/united-arab-emirates/deira | https://collabstr.com/top-influencers/user-generated-content/in/united-arab-emirates/dubai | https://collabstr.com/top-influencers/user-generated-content/in/united-arab-emirates,https://collabstr.com/iamamalhadid,2026-10-08
AE-CR-189,60,margo.pleskachova,https://www.instagram.com/margo.pleskachova,Margaryta Pleskachova,nano,1.5k / 0-1k,collabstr listed (max across unlabeled platforms),,,"Sharjah, SH, United Arab Emirates",false,true,,self-listed on Collabstr: packages from $50 (5 Instagram Photo Feed Posts $50; 1 Instagram Story $50; 1 Instagram Reel (35 Seconds) $100),collabstr,,Engaging Content Creator Specializing In User-Generated Content (Ugc),"I am a passionate content creator specializing in style, beauty, and lifestyle while embracing the joys of motherhood. I curate clean, aesthetically pleasing visuals that reflect both my personal fash",collabstr,https://collabstr.com/margopleskachova | https://collabstr.com/top-influencers/user-generated-content/in/united-arab-emirates/sharjah | https://collabstr.com/top-influencers/in/united-arab-emirates/sharjah,https://collabstr.com/margopleskachova,2026-10-08
AE-CR-210,60,,,Renjitha Sujith,nano,9.3k,collabstr listed (max across unlabeled platforms),,,,true,true,,,collabstr,,1.83%,"Engagement Rate Uae-Based Creator | Luxury | Beauty | Fashion | Storytelling I’m a UAE-based UGC creator focused on beauty, skincare, and lifestyle brands. I create luxury-inspired, clean, and aesthet",collabstr,https://collabstr.com/_renjuzzz | https://collabstr.com/top-influencers/instagram/in/united-arab-emirates/abu-dhabi,https://collabstr.com/_renjuzzz,2026-10-08
AE-CR-027,55,mrw3._,https://www.instagram.com/mrw3._,MarwaBeautyGlamAE💋💄,micro,10600,modash (Instagram),3.11%,8.39%,,true,false,,,,,,@charlottetilburyarabia ambassador | @mrw3._,modash:UAE skincare affiliates | modash:UAE skincare,https://www.modash.io/find-influencers/united-arab-emirates/skincare/affiliates,,2026-10-08
AE-CR-149,55,daniellafabboud,https://www.instagram.com/daniellafabboud,DaniellaAbboud,micro,23000,elev8or self-listed,,,"Dubai, Dubai, United Arab Emirates",true,false,,,elev8or,,Skincare Haircare Makeup,Dubai Beauty & Lifestyle Creator | Contact Us Support Feedback,elev8or,https://www.elev8or.io/c/DaniellaAbboud,,2026-10-08
AE-CR-151,55,Softlifebyjaki_,https://www.instagram.com/Softlifebyjaki_,Jaki,micro,15000,elev8or self-listed,,,"Dubai, Dubai, United Arab Emirates",true,false,,,elev8or,,Skincare Haircare Makeup,Creator & Content Strategist | Contact Us Support Feedback,elev8or,https://www.elev8or.io/c/Jaki,,2026-10-08
AE-CR-169,55,,,Angelina Tabu,micro,15.0k / 17.0k,collabstr listed (max across unlabeled platforms),,,"Abu Dhabi, AZ, United Arab Emirates",false,true,,self-listed on Collabstr: packages from $100 (3 Instagram Stories $130; 1 Instagram Reel (30 Seconds) $150; 1 TikTok Video (30 Seconds) $120),collabstr,,"Ugc Creator | Beauty, Fashion, Lifestyle & Travel Content","International UGC Creator and model with a passion for beauty, fashion & lifestyle. I craft elegant, authentic, and travel-inspired content that connects brands with audiences worldwide through trust,",collabstr,https://collabstr.com/anjelandia | https://collabstr.com/top-influencers/user-generated-content/in/united-arab-emirates/abu-dhabi,https://collabstr.com/anjelandia,2026-10-08
AE-CR-173,55,,,Meggy Donna,micro,10.0k / 42.8k,collabstr listed (max across unlabeled platforms),,,,true,false,,,collabstr,,2.29%,"Engagement Rate Travel Content Creator, Make Up, Skin Care And Wellness I'm a commercial model and content creator, I really enjoy storytelling whilst promoting products. Most of my content is centere",collabstr,https://collabstr.com/ataro_ataro | https://collabstr.com/top-influencers/instagram/in/united-arab-emirates/abu-dhabi,https://collabstr.com/ataro_ataro,2026-10-08
AE-CR-183,55,,,Humaira Naz,micro,18.3k / 0-1k / 0-1k,collabstr listed (max across unlabeled platforms),,,"Sharjah, SH, United Arab Emirates",false,false,,self-listed on Collabstr: packages from $50 (1 Instagram Story $50; 1 Instagram Photo Feed Post $85; 1 Instagram Reel $128),collabstr,,Beauty And Lifestyle Creator,"I create beauty, fashion, and lifestyle content focused on product videos, unboxings, and reviews for my audience of 21,656 Instagram followers. I am based in Sharjah, UAE, and use my account to conne",collabstr,https://collabstr.com/humairaimran | https://collabstr.com/top-influencers/in/united-arab-emirates/sharjah,https://collabstr.com/humairaimran,2026-10-08
AE-CR-186,55,,,Jane ,micro,13.9k / 4.7k,collabstr listed (max across unlabeled platforms),,,"Sharjah, SH, United Arab Emirates",false,false,,self-listed on Collabstr: packages from $50 (2 Instagram Stories $80; 1 Instagram Photo Feed Post $100; 1 TikTok Story $50),collabstr,,Trendy Fashion Influencer And Style Curator,"I am a dedicated creator who specializes in transforming brands into captivating visual experiences through unique and aesthetically pleasing content. With a strong focus on beauty and charm, I ensure",collabstr,https://collabstr.com/jane24 | https://collabstr.com/top-influencers/user-generated-content/in/united-arab-emirates/sharjah,https://collabstr.com/jane24,2026-10-08
AE-CR-194,55,theoriginalnafoor,https://www.instagram.com/theoriginalnafoor,Nafoor Aljundi,micro,11.4k / 5.9k,collabstr listed (max across unlabeled platforms),,,"Dubai, DU, United Arab Emirates",false,false,,self-listed on Collabstr: packages from $50 (2 Instagram Stories $50; 1 Instagram Reel $150; 2 TikTok Stories $50),collabstr,,Beauty Influencer,"I’m a beauty digital creator, interested in all sorts of collaborations. Based in Dubai, UAE and working on expanding my social network.",collabstr,https://collabstr.com/nafoor | https://collabstr.com/top-influencers/user-generated-content/in/united-arab-emirates/ajman | https://collabstr.com/top-influencers/user-generated-content/in/united-arab-emirates/deira | https://collabstr.com/top-influencers/user-generated-content/in/united-arab-emirates/dubai | https://collabstr.com/top-influencers/user-generated-content/in/united-arab-emirates,https://collabstr.com/nafoor,2026-10-08
AE-CR-200,55,sanathedentist,https://www.instagram.com/sanathedentist,Sanathedentist,micro,65.6k / 81.0k / 29.2K,collabstr listed (max across unlabeled platforms),,,"Dubai, DU, United Arab Emirates",false,false,,self-listed on Collabstr: packages from $50 (1 Amazon Photo $100; 1 Amazon Video $300; 1 Amazon Livestream $1000),collabstr,,"Dentist Content Creator Empowering Health, Beauty & Brain","View Dubai-based dentist and content creator empowering women through health, beauty, and self-worth. With over 200,000 followers across platforms, I blend professional dental expertise with lifestyle",collabstr,https://collabstr.com/sanathedentist | https://collabstr.com/top-influencers/user-generated-content/in/united-arab-emirates/deira | https://collabstr.com/top-influencers/user-generated-content/in/united-arab-emirates/dubai | https://collabstr.com/top-influencers/user-generated-content/in/united-arab-emirates,https://collabstr.com/sanathedentist,2026-10-08
AE-CR-207,55,,,Jekaterina Tsaklidi,micro,10.6k / 7.3k,collabstr listed (max across unlabeled platforms),,,"Abu Dhabi, AZ, United Arab Emirates",false,false,,self-listed on Collabstr: packages from $50 (1 Instagram Story $80; 1 Instagram Photo Feed Post $100; 1 Instagram Reel (20 Seconds) $150),collabstr,,Travel And Lifestyle Content Creator,"I’m an influencer and content creator in the UAE, focusing on beauty, travel, restaurants, a healthy lifestyle, and an active way of life.",collabstr,https://collabstr.com/tsaklidi | https://collabstr.com/top-influencers/user-generated-content/in/united-arab-emirates/abu-dhabi | https://collabstr.com/top-influencers/instagram/in/united-arab-emirates/abu-dhabi,https://collabstr.com/tsaklidi,2026-10-08
AE-CR-209,55,zaviyar.world,https://www.instagram.com/zaviyar.world,Warda Hassan,micro,27.4k / 1k-10k,collabstr listed (max across unlabeled platforms),,,"Sharjah, SH, United Arab Emirates",false,false,,self-listed on Collabstr: packages from $50 (4 Instagram Stories $50; 1 Instagram Photo Feed Post $70; 1 Instagram Reel (60 Seconds) $100),collabstr,,Lifestyle And Beauty Influencer Creating Inspiring Content,"✨ Lifestyle, food, parenting, and product-review space sharing honest recommendations, everyday finds, family-friendly experiences, and things worth trying. From UAE discoveries to travel, food spots,",collabstr,https://collabstr.com/wardahassan | https://collabstr.com/top-influencers/in/united-arab-emirates/sharjah,https://collabstr.com/wardahassan,2026-10-08
AE-CR-196,53,pillayvedica,https://www.instagram.com/pillayvedica,Ved,nano,3.1k,collabstr listed (max across unlabeled platforms),,,"Dubai, DU, United Arab Emirates",false,true,,self-listed on Collabstr: packages from $200 (2 Instagram Stories $250; 1 Instagram Reel (30 Seconds) $355; 1 Instagram Photo Feed Post $355),collabstr,,Dubai Lifestyle & Beauty Ugc Creator | Authentic Video & Photo Content,"Based in Dubai, I am a UGC creator with a passion for lifestyle, beauty, fashion, and hospitality content. My mission is to help brands build genuine connections with their audience through captivatin",collabstr,https://collabstr.com/pillayvedica | https://collabstr.com/top-influencers/user-generated-content/in/united-arab-emirates/dubai,https://collabstr.com/pillayvedica,2026-10-08
AE-CR-031,50,esharegishpallimakkal,https://www.instagram.com/esharegishpallimakkal,esha,nano,6600,modash (Instagram),3.14%,-,,true,false,,,,,,- | @esharegishpallimakkal,modash:UAE skincare affiliates,https://www.modash.io/find-influencers/united-arab-emirates/skincare/affiliates,,2026-10-08
AE-CR-034,50,callmemaheenn,https://www.instagram.com/callmemaheenn,Maheen | UGC & Content Creator | UAE🇦🇪,nano,7200,modash (Instagram),3.48%,-,,true,false,,,,,,- | @callmemaheenn,modash:UAE skincare affiliates,https://www.modash.io/find-influencers/united-arab-emirates/skincare/affiliates,,2026-10-08
AE-CR-037,50,himani.mevada,https://www.instagram.com/himani.mevada,Himani,nano,4200,modash (Instagram),2.92%,33.12%,,true,false,,,,,,Digital diary of my little life 💫 | lifestyle • fashion • food • skincare • makeup | 📍Dubai,modash:UAE skincare affiliates | modash:UAE skincare,https://www.modash.io/find-influencers/united-arab-emirates/skincare/affiliates,,2026-10-08
AE-CR-041,50,daniapocketofpeace,https://www.instagram.com/daniapocketofpeace,Dania Sikandar,nano,7900,modash (Instagram),111.25%,14.1%,,true,false,,,,,,😇Dark Humor mind All time🧠Comedy content creator Full time😎 👩🏻‍💼 Business Manager UAE💡 Makeup & Skincare Enthusiast ✈️ Traveller 📧DM for collabs & PR. | @daniapocketofpeace,modash:UAE skincare affiliates | modash:UAE skincare,https://www.modash.io/find-influencers/united-arab-emirates/skincare/affiliates,,2026-10-08
AE-CR-042,50,_mousuna_,https://www.instagram.com/_mousuna_,Mousuna Imthi,nano,3400,modash (Instagram),2.56%,-,,true,false,,,,,,- | @_mousuna_,modash:UAE skincare affiliates,https://www.modash.io/find-influencers/united-arab-emirates/skincare/affiliates,,2026-10-08
AE-CR-043,50,mehakmaha,https://www.instagram.com/mehakmaha,Mehak Alam,nano,3100,modash (Instagram),1.16%,-,,true,false,,,,,,- | @mehakmaha,modash:UAE skincare affiliates,https://www.modash.io/find-influencers/united-arab-emirates/skincare/affiliates,,2026-10-08
AE-CR-045,50,theglowgazette,https://www.instagram.com/theglowgazette,Jaseema Farook,nano,2700,modash (Instagram),1.51%,26.69%,,true,false,,,,,,👩🏻 33 | Mostly about Skincare | 📍Dubai | @theglowgazette,modash:UAE skincare affiliates,https://www.modash.io/find-influencers/united-arab-emirates/skincare/affiliates,,2026-10-08
AE-CR-047,50,touchoffarah,https://www.instagram.com/touchoffarah,Farah Habboush | فرح حبّوش,nano,6900,modash (Instagram),4.94%,31.92%,,true,false,,,,,,• makeup | skincare | beauty | • dentist | @touchoffarah,modash:UAE skincare,https://www.modash.io/find-influencers/united-arab-emirates/skincare,,2026-10-08
AE-CR-048,50,destinypati,https://www.instagram.com/destinypati,Patti Destiny,nano,6800,modash (Instagram),1.35%,30.5%,,true,false,,,,,,"skincare • beauty • lifestyle | 📍 Dubai, skincare, matcha & cats🐱🍵 | 📍🇪🇸🇰🇷🇦🇪🇶🇦 | @destinypati",modash:UAE skincare,https://www.modash.io/find-influencers/united-arab-emirates/skincare,,2026-10-08
AE-CR-049,50,elaf_abdulgadir,https://www.instagram.com/elaf_abdulgadir,Elaf Abdulgadir إيلاف عبدالقادر,nano,4900,modash (Instagram),1%,29.14%,,true,false,,,,,,🇦🇪 | 🇸🇩 | Makeup • Skincare • Fragrance | Honest Beauty Reviews | Huda Beauty Ambassador | @elaf_abdulgadir | Other socials,modash:UAE skincare,https://www.modash.io/find-influencers/united-arab-emirates/skincare,,2026-10-08
AE-CR-051,50,zxk_126,https://www.instagram.com/zxk_126,زينب,nano,4200,modash (Instagram),2.52%,28.55%,,true,false,,,,,,📍🇦🇪 | ➖All in one | ➖Food-Events-Fashion | ➖Skincare-beauty-Photography | ➖Noon code%: zeezi | @zxk_126,modash:UAE skincare,https://www.modash.io/find-influencers/united-arab-emirates/skincare,,2026-10-08
AE-CR-067,50,ms.halabi_,https://www.instagram.com/ms.halabi_,Ms. Steph Halabi,micro,93400,modash (Instagram),2.19%,12.37%,,false,false,licensed (no number shown),,,,,UAE Licensed Content Creator | 17005*** | Lifestyle. Travel. | Food. Fashion. Beauty. 🧿 | 40 🌍🇦🇪🇵🇭 | ♈️ Filipina/Lebanese | Ex-Cabincrew | @mshalabi_,modash:UAE beauty | modash:Dubai beauty | modash:UAE beauty affiliates,https://www.modash.io/find-influencers/united-arab-emirates/beauty,,2026-10-08
AE-CR-075,50,denahmed.88,https://www.instagram.com/denahmed.88,Dena,micro,43400,modash (Instagram),1.04%,18.77%,,false,true,,,,,,📍Dubai | ✨ Beauty & Lifestyle Creator | 🎥 UGC • Reviews • Daily Life | 📩 Collaborations DM | @denahmed.88,modash:Dubai beauty,https://www.modash.io/find-influencers/united-arab-emirates/dubai/beauty,,2026-10-08
AE-CR-203,48,itselleliana,https://www.instagram.com/itselleliana,Elle,micro,18.0k / 709,collabstr listed (max across unlabeled platforms),,,"Dubai, DU, United Arab Emirates",false,true,,self-listed on Collabstr: packages from $200 (1 Instagram Photo Feed Post $200; 1 Instagram Story $200; 1 Instagram Reel $300),collabstr,,"Tech, Lifestyle & Travel Ugc Creator","I’m a digital and UGC creator and storyteller with a passion for AI tools, solo travel, beauty, and fashion. Whether I’m modeling the latest trends or exploring hidden gems across Europe, I love blend",collabstr,https://collabstr.com/shesthelife | https://collabstr.com/top-influencers/user-generated-content/in/united-arab-emirates/ajman | https://collabstr.com/top-influencers/user-generated-content/in/united-arab-emirates/deira | https://collabstr.com/top-influencers/user-generated-content/in/united-arab-emirates/dubai | https://collabstr.com/top-influencers/user-generated-content/in/united-arab-emirates | https://collabstr.com/top-influencers/in/united-arab-emirates,https://collabstr.com/shesthelife,2026-10-08
AE-CR-028,45,blissinbits,https://www.instagram.com/blissinbits,Shriya Anup,micro,74900,modash (Instagram),1.35%,35.57%,,true,false,,,,,,"Just a girl who likes to dress up, eat, do skincare and talk honestly 🫶🏼 | 📍Dubai | @blissinbits",modash:UAE skincare affiliates | modash:UAE skincare,https://www.modash.io/find-influencers/united-arab-emirates/skincare/affiliates,,2026-10-08
AE-CR-032,45,themizway,https://www.instagram.com/themizway,Mizriya Usman | Dubai Licensed Influencer | UGC Creator,micro,13600,modash (Instagram),1.39%,25.87%,,true,false,,,,,,✨ Realistic Makeup | Skincare | Fashion | Food | 🫱🏼‍🫲🏻Trusted by 80+ Brands 📍Dubai / 6077667 | 💄 Hacks that actually work | @themizway,modash:UAE skincare affiliates | modash:UAE skincare,https://www.modash.io/find-influencers/united-arab-emirates/skincare/affiliates,,2026-10-08
AE-CR-033,45,chandnee_yoga,https://www.instagram.com/chandnee_yoga,Chandnee Kaurani,micro,11900,modash (Instagram),1.42%,28.23%,,true,false,,,,,,"🧘🏽‍♀️Yoga Teacher | Sound Healer | Tarot Reader | 🥰Wellness | Skincare | Travel | 🔗21 Inspiring Young Yogis, 2023. | 🐒📿 | 🇦🇪|🇮🇳 | @chandnee_yoga",modash:UAE skincare affiliates | modash:UAE skincare,https://www.modash.io/find-influencers/united-arab-emirates/skincare/affiliates,,2026-10-08
AE-CR-044,45,bochraelkateb,https://www.instagram.com/bochraelkateb,Bochra El Kateb,micro,11400,modash (Instagram),4.08%,26.13%,,true,false,,,,,,✈️ Your Tunisian bestie in the sky | 🌍 60+ countries | 🫧 Fixing your skincare routine | 🪬 Co-founder @khomsaofficial | 📍 Dubai-based | 🪪 Permit 2819071 | @bochraelkateb,modash:UAE skincare affiliates | modash:UAE skincare,https://www.modash.io/find-influencers/united-arab-emirates/skincare/affiliates,,2026-10-08
AE-CR-187,45,,,Kate Cindy,nano,6.1k,collabstr listed (max across unlabeled platforms),,,,false,true,,,collabstr,,3.07%,"Engagement Rate Beauty | Fashion | Self-Care Ugc Creator Hi, I’m Kate, a UGC creator and blogger based in Abu Dhabi, creating content around solo travel, fashion, and cozy living. Follow along for mus",collabstr,https://collabstr.com/katecindy_ | https://collabstr.com/top-influencers/instagram/in/united-arab-emirates/abu-dhabi,https://collabstr.com/katecindy_,2026-10-08
AE-CR-005,40,almahaplus,https://www.instagram.com/almahaplus,Almaha🌻,micro,22700,modash (Instagram),2.02%,24.62%,,false,false,,,,,,Where beauty meets strength 🤍 | Lift heavy • live soft 🪽 | Fitness • Beauty • Lifestyle | Code ALMAHA @oneractive | 🇸🇦 Saudi | 🇦🇪 UAE | 💌 Collaborations ↓ | @almahaplus | Other socials,modash:UAE micro (<25k) | modash:Dubai micro (<25k),https://www.modash.io/find-influencers/united-arab-emirates/micro,,2026-10-08
AE-CR-017,40,thesianedit,https://www.instagram.com/thesianedit,Sian Aldahmani,micro,18700,modash (Instagram),9.37%,19.4%,,false,false,,,,,,"TikTok content creator 100k | fashion, makeup & lifestyle | @thesianedit | Other socials",modash:UAE micro (<25k) | modash:Dubai micro (<25k),https://www.modash.io/find-influencers/united-arab-emirates/micro,,2026-10-08
AE-CR-070,40,asma.alachkar,https://www.instagram.com/asma.alachkar,Asma,micro,75800,modash (Instagram),2.33%,21.21%,,false,false,,,,,,Permit No. 2849054 ✨ | 💌Lifestyle | Family | Fashion & Beauty | 📝Banker | Life Coach/CBT Certified | 📍Abu Dhabi,modash:UAE beauty | modash:Abu Dhabi (general) | modash:UAE beauty affiliates,https://www.modash.io/find-influencers/united-arab-emirates/beauty,,2026-10-08
AE-CR-071,40,life_of_shery,https://www.instagram.com/life_of_shery,Sherbano zaidi,micro,59800,modash (Instagram),1.74%,30.8%,,false,false,licensed (no number shown),,,,,Licensed Content Creator | Lifestyle | Fashion | Beauty | 📍DBX | AUH | Permit no: CN-6052592 | @life_of_shery,modash:Dubai beauty | modash:UAE beauty affiliates,https://www.modash.io/find-influencers/united-arab-emirates/dubai/beauty,,2026-10-08
AE-CR-076,40,airagymn,https://www.instagram.com/airagymn,Irina Skobeleva,micro,40900,modash (Instagram),1.66%,24.58%,,false,false,,,,,,"Living between air & earth 🤍 | Aerial silks | Pilates | handstand and splits! | Sharing beauty, freedom & inspiration 🧘🏼‍♀️ | DM for training 🤸🏻🤸‍♀️ | @airagymn",modash:Dubai beauty,https://www.modash.io/find-influencers/united-arab-emirates/dubai/beauty,,2026-10-08
AE-CR-078,40,itsmathani,https://www.instagram.com/itsmathani,Mathani,micro,31500,modash (Instagram),4.98%,24.7%,,false,false,,,,,,Beauty & Fashion | @itsmathani | @itsmathani25,modash:Dubai beauty,https://www.modash.io/find-influencers/united-arab-emirates/dubai/beauty,,2026-10-08
AE-CR-080,40,nazila.amrin,https://www.instagram.com/nazila.amrin,Nazila Amrin | Beauty Content Creator,micro,28500,modash (Instagram),1.12%,22.08%,,false,false,,,,,,📍 🇦🇪|🇮🇳 | Permit No: 4995293 | Beauty•Fashion•Food. | Mrs. @faiz_taha_ 💍 | 🇲🇻🇶🇦🇴🇲🇸🇦🇰🇪🇹🇭🇲🇾 | @nazilaamrin4320,modash:Dubai beauty,https://www.modash.io/find-influencers/united-arab-emirates/dubai/beauty,,2026-10-08
AE-CR-174,40,,,Ayatazmat,micro,12.9k / 0-1k,collabstr listed (max across unlabeled platforms),,,,false,false,,,collabstr,,2.66%,"Engagement Rate Travel, Beauty, And Lifestyle Creator I share travel and lifestyle content from the perspective of a cabin crew member who has visited more than 60 countries, along with insights into ",collabstr,https://collabstr.com/ayatraos_ | https://collabstr.com/top-influencers/instagram/in/united-arab-emirates/abu-dhabi,https://collabstr.com/ayatraos_,2026-10-08
AE-CR-177,40,,,Farzana Rafiq,micro,26.3k / 4.3k / 47.1K,collabstr listed (max across unlabeled platforms),,,,false,false,,,collabstr,,2.92%,"Engagement Rate A Lifestyle And Beauty Enthusiast Sharing Delicious Food Adventures. Hi, I’m Farzana, creator of Chennai Flavours in the UAE, based in Abu Dhabi. I create lifestyle, food, beauty, and ",collabstr,https://collabstr.com/chennaiflavoursin_uae | https://collabstr.com/top-influencers/instagram/in/united-arab-emirates/abu-dhabi,https://collabstr.com/chennaiflavoursin_uae,2026-10-08
AE-CR-015,30,mayaannn.n,https://www.instagram.com/mayaannn.n,mayan kanafani,micro,19400,modash (Instagram),12.02%,18.63%,,false,false,,,,,,Beirut 🇱🇧 | Outfits+ life🪬📸 @marketingbymayan | @shopcider_me MAYAN15 for 15% off @youmibeauty code “mayan10” | @mayaannn.n | @mayaaannn.n,modash:UAE micro (<25k) | modash:Dubai micro (<25k),https://www.modash.io/find-influencers/united-arab-emirates/micro,,2026-10-08
AE-CR-068,30,moeenahmedhasan,https://www.instagram.com/moeenahmedhasan,Moeen Ahmed Hasan,micro,90200,modash (Instagram),1.18%,31.76%,,false,false,,,,,,Visual Artist | Fashion | Corporate | Podcast | Events | Full Production Services | [phone removed] | Dubai 🇦🇪 | @moeenahmedhasan | @moeenahmedhasan369,modash:UAE beauty | modash:Dubai beauty,https://www.modash.io/find-influencers/united-arab-emirates/beauty,,2026-10-08
AE-CR-069,30,ranaahmad7844,https://www.instagram.com/ranaahmad7844,Rana Ahmad,micro,76300,modash (Instagram),1.07%,37.17%,,false,false,,,,,,📍Dubai 🇦🇪 | Beauty | Fashion | Lifestyle | Face model 💄 | @ranaahmad7844,modash:UAE beauty,https://www.modash.io/find-influencers/united-arab-emirates/beauty,,2026-10-08
AE-CR-072,30,glammedbyreem,https://www.instagram.com/glammedbyreem,Reem Fedda🧿💕,micro,52100,modash (Instagram),10%,37.68%,,false,false,,,,,,تصريح معلن6723454 | Beauty Specialist | Content Creator | Marketing Expert💄Dubai | Open for Bookings+Collabs📨 | 👄 Beauty is when you can appreciate yourself | @glammedbyreem,modash:Dubai beauty | modash:UAE beauty affiliates,https://www.modash.io/find-influencers/united-arab-emirates/dubai/beauty,,2026-10-08
AE-CR-073,30,riivv.4,https://www.instagram.com/riivv.4,SAKINA✨,micro,47700,modash (Instagram),1.44%,31.21%,,false,false,,,,,,بلوشي✨ | APN 7488871 | Beauty Creator✨ | Dm for bookings & makeup classes ✨ | Sakina beauty on @boutiqaat | Dubai-based 🇦🇪 | BCC Season 3 | @riivv.4 | Other socials,modash:Dubai beauty,https://www.modash.io/find-influencers/united-arab-emirates/dubai/beauty,,2026-10-08
AE-CR-074,30,olyka.7,https://www.instagram.com/olyka.7,Olya 🩶,micro,45800,modash (Instagram),2.29%,31.33%,,false,false,,,,,,Beauty • Health• Lifestyle | 📧 | @olyka.7,modash:Dubai beauty,https://www.modash.io/find-influencers/united-arab-emirates/dubai/beauty,,2026-10-08
AE-CR-077,30,jumana.jilfar,https://www.instagram.com/jumana.jilfar,Mariam Jumana,micro,32500,modash (Instagram),3.95%,35.97%,,false,false,,,,,,Advertiser Permit - 6273953 | 👩‍👧‍👦 Mom of 2 | 📍UAE 🇦🇪 | 🏡 Home 🍽️ Food 🎈Family Fun | ✨ Sharing the beauty of everyday life | 📩 Let’s work together !,modash:Dubai beauty,https://www.modash.io/find-influencers/united-arab-emirates/dubai/beauty,,2026-10-08
AE-CR-079,30,nesrine_interiors,https://www.instagram.com/nesrine_interiors,Nesrine Belkhodja | نسرين بالخوجة,micro,29300,modash (Instagram),1.59%,28.21%,,false,false,,,,,,🏡 Interior Designer 📍Dubai | ☘️ Feng Shui Consultant | 369 | Spreading Beauty & Positive Energy throughout my Designs | @nesrine_interiors,modash:Dubai beauty,https://www.modash.io/find-influencers/united-arab-emirates/dubai/beauty,,2026-10-08
AE-CR-135,30,suhahashash,https://www.instagram.com/suhahashash,𝒔𝒖𝒉𝒂,micro,74600,modash (Instagram),2.62%,31.42%,,false,false,,,,,,ᴀᴅᴠᴇʀᴛɪsᴇʀ ᴘᴇʀᴍɪᴛ #3380792 | ғᴀsʜɪᴏɴ • ᴛʀᴀᴠᴇʟ • ʙᴇᴀᴜᴛʏ | fσundєr @suharthelabel | @suhahashash,modash:UAE beauty affiliates,https://www.modash.io/find-influencers/united-arab-emirates/beauty/affiliates,,2026-10-08
AE-CR-136,30,3.li.a_a,https://www.instagram.com/3.li.a_a,مُحبة للحياة 🕊🤍,micro,65700,modash (Instagram),2.2%,34.83%,,false,false,,,,,,Abu Dhabi ♥🇦🇪 | Life lover 🌸 | A soft eye for everyday beauty | Photo & Ads 📸✨📥 | DED Licensed,modash:UAE beauty affiliates,https://www.modash.io/find-influencers/united-arab-emirates/beauty/affiliates,,2026-10-08
