sku,catalog_code,product,pack_size,ean_on_pack,registration,listing_status,holds_before_publish
"LW-FC-201","LSK-FCG-01","Oily & Sensitive Skin Cleanser Gel","250 ml (8.45 fl.oz)","","التسجيل مؤكد من الإدارة؛ إثبات التسجيل لم يُعثر عليه ضمن الملفات المتاحة","جاهز للإعداد، غير جاهز للنشر","سعر الإمارات · إثبات التسجيل · دور جهة الملصق · EAN من العبوة"
"LW-FC-202","LSK-FCG-02","Normal & Dry Skin Cleanser Gel","250 ml (8.45 fl.oz)","","التسجيل مؤكد من الإدارة؛ إثبات التسجيل لم يُعثر عليه ضمن الملفات المتاحة","جاهز للإعداد، غير جاهز للنشر","سعر الإمارات · إثبات التسجيل · دور جهة الملصق · EAN من العبوة"
"LW-FC-203","LSK-TNR-01","Pore Tightening & Purifying Toner","250 ml (8.45 fl.oz)","8684149133717","التسجيل مؤكد من الإدارة؛ إثبات التسجيل لم يُعثر عليه ضمن الملفات المتاحة","جاهز للإعداد، غير جاهز للنشر","سعر الإمارات · إثبات التسجيل · دور جهة الملصق"
"LW-FC-204","LSK-PEL-01","Facial Peeling Gel","100 ml (3.38 fl.oz)","","التسجيل مؤكد من الإدارة؛ إثبات التسجيل لم يُعثر عليه ضمن الملفات المتاحة","جاهز للإعداد، غير جاهز للنشر","سعر الإمارات · إثبات التسجيل · دور جهة الملصق · EAN من العبوة"
"LW-SR-101","LSK-SER-01","Vitamin C Serum","30 ml (1.00 fl.oz)","","التسجيل مؤكد من الإدارة؛ إثبات التسجيل لم يُعثر عليه ضمن الملفات المتاحة","جاهز للإعداد، غير جاهز للنشر","سعر الإمارات · إثبات التسجيل · دور جهة الملصق · EAN من العبوة"
"LW-SR-102","LSK-SER-02","Retinol Serum 1%","30 ml (1.00 fl.oz)","","التسجيل مؤكد من الإدارة؛ إثبات التسجيل لم يُعثر عليه ضمن الملفات المتاحة","جاهز للإعداد، غير جاهز للنشر","سعر الإمارات · إثبات التسجيل · دور جهة الملصق · EAN من العبوة"
"LW-SR-103","LSK-SER-03","Dark Spot Corrector Serum","30 ml (1.00 fl.oz)","","التسجيل مؤكد من الإدارة؛ إثبات التسجيل لم يُعثر عليه ضمن الملفات المتاحة","جاهز للإعداد، غير جاهز للنشر","سعر الإمارات · إثبات التسجيل · دور جهة الملصق · EAN من العبوة"
"LW-SR-104","LSK-SER-04","Intensive Hydration Serum","30 ml (1.00 fl.oz)","","التسجيل مؤكد من الإدارة؛ إثبات التسجيل لم يُعثر عليه ضمن الملفات المتاحة","جاهز للإعداد، غير جاهز للنشر","سعر الإمارات · إثبات التسجيل · دور جهة الملصق · EAN من العبوة"
"LW-SR-105","LSK-SER-05","Collagen Serum","30 ml (1.00 fl.oz)","","التسجيل مؤكد من الإدارة؛ إثبات التسجيل لم يُعثر عليه ضمن الملفات المتاحة","جاهز للإعداد، غير جاهز للنشر","سعر الإمارات · إثبات التسجيل · دور جهة الملصق · EAN من العبوة"
"LW-SR-106","LSK-SER-06","Under Eye Serum","30 ml (1.00 fl.oz)","","التسجيل مؤكد من الإدارة؛ إثبات التسجيل لم يُعثر عليه ضمن الملفات المتاحة","جاهز للإعداد، غير جاهز للنشر","سعر الإمارات · إثبات التسجيل · دور جهة الملصق · EAN من العبوة"
"LW-SR-107","LSK-SER-07","Anti-Acne Serum","30 ml (1.00 fl.oz)","","التسجيل مؤكد من الإدارة؛ إثبات التسجيل لم يُعثر عليه ضمن الملفات المتاحة","معلّق — خطر نطاق التجميل: حب الشباب (C-18)","سعر الإمارات · إثبات التسجيل · دور جهة الملصق · قرار الاسم/الادعاء · EAN من العبوة"
"LW-CR-301","LSK-CRM-01","Intense Repair Moisturizer Cream","50 ml (1.7 fl.oz)","","التسجيل مؤكد من الإدارة؛ إثبات التسجيل لم يُعثر عليه ضمن الملفات المتاحة","جاهز للإعداد، غير جاهز للنشر","سعر الإمارات · إثبات التسجيل · دور جهة الملصق · EAN من العبوة"
"LW-CR-304","LSK-CRM-03","Retinal Shot Cream","15 ml (0.5 fl.oz) · 25,000 IU","","التسجيل مؤكد من الإدارة؛ إثبات التسجيل لم يُعثر عليه ضمن الملفات المتاحة","جاهز للإعداد، غير جاهز للنشر","سعر الإمارات · إثبات التسجيل · دور جهة الملصق · EAN من العبوة"
"LW-CR-302","LSK-CRM-04","Skin Brightening Cream","50 ml (1.7 fl.oz)","","التسجيل مؤكد من الإدارة؛ إثبات التسجيل لم يُعثر عليه ضمن الملفات المتاحة","جاهز للإعداد، غير جاهز للنشر","سعر الإمارات · إثبات التسجيل · دور جهة الملصق · EAN من العبوة"
"LW-SP-401","LSK-SUN-01","Tone Up Pink Sunscreen SPF50+","75 ml (2.53 fl.oz)","","التسجيل مؤكد من الإدارة؛ إثبات التسجيل لم يُعثر عليه ضمن الملفات المتاحة","غير جاهز للإعداد — ملف العبوة غير موجود","سعر الإمارات · إثبات التسجيل · دور جهة الملصق · ملف العبوة · EAN من العبوة"
"LW-SP-402","LSK-SUN-02","Anti-Blemish Sunscreen SPF50+","50 ml (1.7 fl.oz)","","التسجيل مؤكد من الإدارة؛ إثبات التسجيل لم يُعثر عليه ضمن الملفات المتاحة","جاهز للإعداد، غير جاهز للنشر","سعر الإمارات · إثبات التسجيل · دور جهة الملصق · EAN من العبوة"
"LW-MK-501","LSK-MSK-01","Collagen Hydro Bomb Mask","50 ml (1.7 fl.oz)","","التسجيل مؤكد من الإدارة؛ إثبات التسجيل لم يُعثر عليه ضمن الملفات المتاحة","جاهز للإعداد، غير جاهز للنشر","سعر الإمارات · إثبات التسجيل · دور جهة الملصق · EAN من العبوة"
"LW-TN-601","LSK-TNR-02","Rice Milk Toner","200 ml (6.76 fl.oz)","","التسجيل مؤكد من الإدارة؛ إثبات التسجيل لم يُعثر عليه ضمن الملفات المتاحة","جاهز للإعداد، غير جاهز للنشر","سعر الإمارات · إثبات التسجيل · دور جهة الملصق · EAN من العبوة"
"LW-SR-108","LSK-SER-08","Rice Milk Serum","30 ml (1.00 fl.oz)","","التسجيل مؤكد من الإدارة؛ إثبات التسجيل لم يُعثر عليه ضمن الملفات المتاحة","جاهز للإعداد، غير جاهز للنشر","سعر الإمارات · إثبات التسجيل · دور جهة الملصق · EAN من العبوة"
"LW-CR-303","LSK-CRM-02","Rice Milk Spot Cream","50 ml (1.7 fl.oz)","","التسجيل مؤكد من الإدارة؛ إثبات التسجيل لم يُعثر عليه ضمن الملفات المتاحة","جاهز للإعداد، غير جاهز للنشر","سعر الإمارات · إثبات التسجيل · دور جهة الملصق · EAN من العبوة"
"LW-HR-801","LHR-SHM-01","Rosemary Shampoo","250 ml (8.45 fl.oz)","","التسجيل مؤكد من الإدارة؛ إثبات التسجيل لم يُعثر عليه ضمن الملفات المتاحة","معلّق — ادعاءات الشعر خارج نطاق التجميل (C-19)","سعر الإمارات · إثبات التسجيل · دور جهة الملصق · سحب ادعاءات النمو/التساقط · EAN من العبوة · ادعاءات نمو الشعر ممنوعة قبل إقرار CEELLO"
"LW-HR-802","LHR-TNR-01","Pure Rosemary Water","100 ml (3.38 fl.oz)","","التسجيل مؤكد من الإدارة؛ إثبات التسجيل لم يُعثر عليه ضمن الملفات المتاحة","معلّق — ادعاءات الشعر خارج نطاق التجميل (C-19)","سعر الإمارات · إثبات التسجيل · دور جهة الملصق · سحب ادعاءات النمو/التساقط · EAN من العبوة · ادعاءات نمو الشعر ممنوعة قبل إقرار CEELLO"
"LW-HR-803","LHR-OIL-01","Rosemary Hair Oil","50 ml (1.7 fl.oz)","8684272100471","التسجيل مؤكد من الإدارة؛ إثبات التسجيل لم يُعثر عليه ضمن الملفات المتاحة","معلّق — تعارض INCI/Biotin (C-01..C-04)","سعر الإمارات · إثبات التسجيل · دور جهة الملصق · إقرار CEELLO"
"LW-MN-901","LHR-BRD-01","Beard Serum","30 ml (1.00 fl.oz)","","التسجيل مؤكد من الإدارة؛ إثبات التسجيل لم يُعثر عليه ضمن الملفات المتاحة","غير جاهز للإعداد — ملف العبوة غير موجود","سعر الإمارات · إثبات التسجيل · دور جهة الملصق · ملف العبوة · EAN من العبوة"
"LW-BD-701","LBD-GEL-01","Body Firming Gel","250 ml (8.45 fl.oz)","","التسجيل مؤكد من الإدارة؛ إثبات التسجيل لم يُعثر عليه ضمن الملفات المتاحة","جاهز للإعداد، غير جاهز للنشر","سعر الإمارات · إثبات التسجيل · دور جهة الملصق · EAN من العبوة"
"LW-BD-703","LBD-CRM-01","Foot Care Cream","100 ml (3.38 fl.oz)","","التسجيل مؤكد من الإدارة؛ إثبات التسجيل لم يُعثر عليه ضمن الملفات المتاحة","غير جاهز للإعداد — ملف العبوة غير موجود","سعر الإمارات · إثبات التسجيل · دور جهة الملصق · ملف العبوة · EAN من العبوة"