sku,product,EAN_from_pack,INCI_from_pack,batch_expiry_artwork,original_image_px,original_image_path,pack_artwork_file,uae_price,registration_proof,label_company_role,gs1_license,missing_count
"LW-SR-101","Vitamin C Serum","موجود","مقروء آلياً — يُدقَّق بصرياً","موجود","4000","03 - المنتجات والكتالوج/صور المنتجات - منظمة/01 - منتجات البشرة/06 - سيروم فيتامين سي/LOWES_سيروم-فيتامين-سي_Photo.png","موجود","ناقص","ناقص","ناقص","ناقص","4"
"LW-SR-103","Dark Spot Corrector Serum — 30 ml (1.00 fl.oz)","ناقص","مقروء آلياً — يُدقَّق بصرياً","موجود","4000","03 - المنتجات والكتالوج/صور المنتجات - منظمة/01 - منتجات البشرة/08 - سيروم البقع/LOWES_سيروم-البقع_1.png","موجود","ناقص","ناقص","ناقص","ناقص","5"
"LW-SR-104","Intensive Hydration Serum — 30 ml (1.00 fl.oz)","ناقص","مقروء آلياً — يُدقَّق بصرياً","موجود","4000","03 - المنتجات والكتالوج/صور المنتجات - منظمة/01 - منتجات البشرة/05 - سيروم المرطب/LOWES_سيروم-المرطب_Box.png","موجود","ناقص","ناقص","ناقص","ناقص","5"
"LW-SR-105","Collagen Serum — 30 ml (1.00 fl.oz)","ناقص","مقروء آلياً — يُدقَّق بصرياً","موجود","4000","03 - المنتجات والكتالوج/صور المنتجات - منظمة/01 - منتجات البشرة/07 - سيروم الكولاجين/LOWES_سيروم-الكولاجين_Box.png","موجود","ناقص","ناقص","ناقص","ناقص","5"
"LW-SR-107","Anti-Acne Serum — 30 ml (1.00 fl.oz)","ناقص","مقروء آلياً — يُدقَّق بصرياً","موجود","4000","03 - المنتجات والكتالوج/صور المنتجات - منظمة/01 - منتجات البشرة/12 - سيروم الحبوب/LOWES_سيروم-الحبوب_Box.png","موجود","ناقص","ناقص","ناقص","ناقص","5"
"LW-CR-302","Skin Brightening Cream — 50 ml (1.7 fl.oz)","ناقص","مقروء آلياً — يُدقَّق بصرياً","موجود","4000","03 - المنتجات والكتالوج/صور المنتجات - منظمة/02 - منتجات الجسم/03 - كريم التبييض/LOWES_كريم-التبييض_Photo.png","موجود","ناقص","ناقص","ناقص","ناقص","5"
"LW-FC-201","Oily & Sensitive Skin Cleanser Gel — 250 ml (8.45 fl.oz)","ناقص","ناقص","موجود","1920","03 - المنتجات والكتالوج/صور المنتجات - منظمة/01 - منتجات البشرة/02 - غسول البشرة الدهنية/LOWES_غسول-البشرة-الدهنية_Print.png","موجود","ناقص","ناقص","ناقص","ناقص","6"
"LW-FC-203","Pore Tightening & Purifying Toner — 250 ml (8.45 fl.oz)","موجود","ناقص","ناقص","1800","03 - المنتجات والكتالوج/صور المنتجات - منظمة/01 - منتجات البشرة/03 - تونر الوجه/LOWES_تونر-الوجه_Box.png","موجود","ناقص","ناقص","ناقص","ناقص","6"
"LW-SR-102","Retinol Serum 1% — 30 ml (1.00 fl.oz)","ناقص","مقروء آلياً — يُدقَّق بصرياً","ناقص","12756","03 - المنتجات والكتالوج/صور المنتجات ومعلومات عنها/منتجات البشرة/سيروم ريتينول LOWE_S/تصميم قديم /LOWES - RETINOL - SERUM -.png","موجود","ناقص","ناقص","ناقص","ناقص","6"
"LW-SP-402","Anti-Blemish Sunscreen SPF50+ — 50 ml (1.7 fl.oz)","ناقص","ناقص","موجود","4000","03 - المنتجات والكتالوج/صور المنتجات ومعلومات عنها/منتجات البشرة/واقي الشمس اورانج LOWE_S/Lowes - Anti Blemish Sunscreen - Box.png","موجود","ناقص","ناقص","ناقص","ناقص","6"
"LW-HR-801","Rosemary Shampoo — 250 ml (8.45 fl.oz)","ناقص","ناقص","موجود","2000","03 - المنتجات والكتالوج/صور المنتجات - منظمة/03 - منتجات الشعر/01 - شامبو الروزماري/LOWES_شامبو-روزماري_Print.png","موجود","ناقص","ناقص","ناقص","ناقص","6"
"LW-HR-802","Pure Rosemary Water — 100 ml (3.38 fl.oz)","ناقص","ناقص","موجود","4000","03 - المنتجات والكتالوج/صور المنتجات - منظمة/03 - منتجات الشعر/03 - تونر الشعر روزماري/LOWES_تونر-شعر-روزماري_Print.png","موجود","ناقص","ناقص","ناقص","ناقص","6"
"LW-FC-202","Normal & Dry Skin Cleanser Gel — 250 ml (8.45 fl.oz)","ناقص","ناقص","ناقص","1920","03 - المنتجات والكتالوج/صور المنتجات - منظمة/01 - منتجات البشرة/01 - غسول الوجه/LOWES_غسول-الوجه_Print.png","موجود","ناقص","ناقص","ناقص","ناقص","7"
"LW-FC-204","Facial Peeling Gel — 100 ml (3.38 fl.oz)","ناقص","ناقص","ناقص","4000","03 - المنتجات والكتالوج/صور المنتجات - منظمة/01 - منتجات البشرة/13 - جل مقشر الوجه/LOWES_جل-مقشر_Box.png","موجود","ناقص","ناقص","ناقص","ناقص","7"
"LW-SR-106","Under Eye Serum — 30 ml (1.00 fl.oz)","ناقص","ناقص","ناقص","4000","03 - المنتجات والكتالوج/صور المنتجات ومعلومات عنها/منتجات البشرة/سيروم الهالات تحت العين LOWE_S/Lowes - Under Eye Serum - Box.png","موجود","ناقص","ناقص","ناقص","ناقص","7"
"LW-CR-301","Intense Repair Moisturizer Cream — 50 ml (1.7 fl.oz)","ناقص","ناقص","ناقص","4000","03 - المنتجات والكتالوج/صور المنتجات - منظمة/01 - منتجات البشرة/04 - كريم المرطب/LOWES_كريم-المرطب_Box.png","موجود","ناقص","ناقص","ناقص","ناقص","7"
"LW-CR-304","Retinal Shot Cream — 15 ml (0.5 fl.oz) · 25,000 IU","ناقص","ناقص","ناقص","6000","03 - المنتجات والكتالوج/صور المنتجات - منظمة/01 - منتجات البشرة/11 - كريم الريتينال شوت/LOWES_ريتينال-شوت_Print.png","موجود","ناقص","ناقص","ناقص","ناقص","7"
"LW-MK-501","Collagen Hydro Bomb Mask — 50 ml (1.7 fl.oz)","ناقص","ناقص","موجود","ناقص","","موجود","ناقص","ناقص","ناقص","ناقص","7"
"LW-TN-601","Rice Milk Toner — 200 ml (6.76 fl.oz)","ناقص","ناقص","ناقص","3000","03 - المنتجات والكتالوج/صور المنتجات ومعلومات عنها/منتجات البشرة/بكج الرزlowes /تونر الرز LOWES /Lowes - Rice Milk Tonic - Print (1).png","موجود","ناقص","ناقص","ناقص","ناقص","7"
"LW-SR-108","Rice Milk Serum — 30 ml (1.00 fl.oz)","ناقص","ناقص","ناقص","4000","03 - المنتجات والكتالوج/صور المنتجات ومعلومات عنها/منتجات البشرة/بكج الرزlowes /سيروم الرز lowes/Lowes - Rice Milk Serum - Box.png","موجود","ناقص","ناقص","ناقص","ناقص","7"
"LW-CR-303","Rice Milk Spot Cream — 50 ml (1.7 fl.oz)","ناقص","ناقص","ناقص","4000","03 - المنتجات والكتالوج/صور المنتجات ومعلومات عنها/منتجات البشرة/بكج الرزlowes /كريم الرزLOWES/Lowes - Rice Milk Spot Cream - Box (1).png","موجود","ناقص","ناقص","ناقص","ناقص","7"
"LW-BD-701","Body Firming Gel — 250 ml (8.45 fl.oz)","ناقص","ناقص","ناقص","1920","03 - المنتجات والكتالوج/صور المنتجات - منظمة/02 - منتجات الجسم/08 - كريم التشققات/LOWES_كريم-التشققات_Design.jpg","موجود","ناقص","ناقص","ناقص","ناقص","7"