sku,kind,width,height,longest_px,path
"","other","4167","4167","4167","03 - المنتجات والكتالوج/صور المنتجات ومعلومات عنها/منتجات الجسم/زيت المساج LOWE_S/Lowes - Massage Oil_page-0001.jpg"
"","other","4167","4167","4167","منتجات الجسم/زيت المساج LOWE_S/Lowes - Massage Oil_page-0001.jpg"
"","Box","4000","4000","4000","03 - المنتجات والكتالوج/صور المنتجات - منظمة/01 - منتجات البشرة/09 - سيروم تحت العين/LOWES_سيروم-تحت-العين_Box.png"
"","Print","3000","4000","4000","03 - المنتجات والكتالوج/صور المنتجات - منظمة/01 - منتجات البشرة/09 - سيروم تحت العين/LOWES_سيروم-تحت-العين_Print.png"
"","Print","3000","4000","4000","03 - المنتجات والكتالوج/صور المنتجات - منظمة/01 - منتجات البشرة/15 - واقي الشمس الزهري/LOWES_واقي-شمس-زهري_Print.png"
"","Box","4000","4000","4000","03 - المنتجات والكتالوج/صور المنتجات - منظمة/01 - منتجات البشرة/16 - واقي الشمس الاورانج/LOWES_واقي-شمس-اورانج_Box.png"
"","Print","4000","4000","4000","03 - المنتجات والكتالوج/صور المنتجات - منظمة/01 - منتجات البشرة/16 - واقي الشمس الاورانج/LOWES_واقي-شمس-اورانج_Print.png"
"","Box","4000","4000","4000","03 - المنتجات والكتالوج/صور المنتجات - منظمة/01 - منتجات البشرة/17 - بكج الرز - كريم/LOWES_كريم-الرز_Box-1.png"
"","Box","4000","4000","4000","03 - المنتجات والكتالوج/صور المنتجات - منظمة/01 - منتجات البشرة/17 - بكج الرز - كريم/LOWES_كريم-الرز_Box-2.png"
"","Box","4000","4000","4000","03 - المنتجات والكتالوج/صور المنتجات - منظمة/01 - منتجات البشرة/18 - بكج الرز - سيروم/LOWES_سيروم-الرز_Box.png"
"","Print","3000","4000","4000","03 - المنتجات والكتالوج/صور المنتجات - منظمة/02 - منتجات الجسم/04 - كريم ازالة الشعر/LOWES_كريم-ازالة-الشعر_Print.png"
"","Box","4000","4000","4000","03 - المنتجات والكتالوج/صور المنتجات - منظمة/02 - منتجات الجسم/05 - زيت المساج/LOWES_زيت-المساج_Box.png"
"","Print","3000","4000","4000","03 - المنتجات والكتالوج/صور المنتجات - منظمة/02 - منتجات الجسم/05 - زيت المساج/LOWES_زيت-المساج_Print.png"
"","Print","3000","4000","4000","03 - المنتجات والكتالوج/صور المنتجات - منظمة/02 - منتجات الجسم/07 - سكراب الجسم/LOWES_سكراب-الجسم_Print.png"
"","Box","4000","4000","4000","03 - المنتجات والكتالوج/صور المنتجات - منظمة/03 - منتجات الشعر/04 - سيروم الدقن/LOWES_سيروم-الدقن_Box.png"
"","Print","3000","4000","4000","03 - المنتجات والكتالوج/صور المنتجات - منظمة/03 - منتجات الشعر/04 - سيروم الدقن/LOWES_سيروم-الدقن_Print.png"
"","Box","4000","4000","4000","03 - المنتجات والكتالوج/صور المنتجات ومعلومات عنها/منتجات الجسم/زيت المساج LOWE_S/Lowes - Massage Oil - Box.png"
"","Print","3000","4000","4000","03 - المنتجات والكتالوج/صور المنتجات ومعلومات عنها/منتجات الجسم/زيت المساج LOWE_S/Lowes - Massage Oil - Print.png"
"","other","3000","4000","4000","03 - المنتجات والكتالوج/صور المنتجات ومعلومات عنها/منتجات الجسم/سكراب الجسم LOWE_S/Lowes - Vücut El Peeling.png"
"","Print","3000","4000","4000","03 - المنتجات والكتالوج/صور المنتجات ومعلومات عنها/منتجات الجسم/كريم ازالة الشعر LOWE_S/Lowes - Hair Removal Cream - Print.png"
"","Box","4000","4000","4000","03 - المنتجات والكتالوج/صور المنتجات ومعلومات عنها/منتجات الشعر/سيروم الدقن LOWE_S/Beard Serum - Box .png"
"","other","3000","4000","4000","03 - المنتجات والكتالوج/صور المنتجات ومعلومات عنها/منتجات الشعر/سيروم الدقن LOWE_S/Lowes - Sakal Serumu.png"
"","Box","4000","4000","4000","منتجات الجسم/زيت المساج LOWE_S/Lowes - Massage Oil - Box.png"
"","Print","3000","4000","4000","منتجات الجسم/زيت المساج LOWE_S/Lowes - Massage Oil - Print.png"
"","other","3000","4000","4000","منتجات الجسم/سكراب الجسم LOWE_S/Lowes - Vücut El Peeling.png"
"","Print","3000","4000","4000","منتجات الجسم/كريم ازالة الشعر LOWE_S/Lowes - Hair Removal Cream - Print.png"
"","Box","4000","4000","4000","منتجات الشعر/سيروم الدقن LOWE_S/Beard Serum - Box .png"
"","other","3000","4000","4000","منتجات الشعر/سيروم الدقن LOWE_S/Lowes - Sakal Serumu.png"
"","Print","3000","3000","3000","03 - المنتجات والكتالوج/صور المنتجات - منظمة/01 - منتجات البشرة/17 - بكج الرز - كريم/LOWES_كريم-الرز_Print.png"
"","Print","3000","3000","3000","03 - المنتجات والكتالوج/صور المنتجات - منظمة/01 - منتجات البشرة/18 - بكج الرز - سيروم/LOWES_سيروم-الرز_Print.png"
"","Print","3000","3000","3000","03 - المنتجات والكتالوج/صور المنتجات - منظمة/01 - منتجات البشرة/19 - بكج الرز - تونر/LOWES_تونر-الرز_Print-1.png"
"","Print","3000","3000","3000","03 - المنتجات والكتالوج/صور المنتجات - منظمة/01 - منتجات البشرة/19 - بكج الرز - تونر/LOWES_تونر-الرز_Print-2.png"
"","other","1917","726","1917","03 - المنتجات والكتالوج/صور المنتجات ومعلومات عنها/منتجات الجسم/سيروم الصدر LOWE_S/ÜTS ürün kaydı.png"
"","other","1917","783","1917","03 - المنتجات والكتالوج/صور المنتجات ومعلومات عنها/منتجات الجسم/كريم ازالة الشعر LOWE_S/ÜTS ürün kaydı.png"
"","other","1917","709","1917","03 - المنتجات والكتالوج/صور المنتجات ومعلومات عنها/منتجات الجسم/كريم الصدر LOWE_S/ÜTS ürün kaydı.png"
"","other","1917","726","1917","منتجات الجسم/سيروم الصدر LOWE_S/ÜTS ürün kaydı.png"
"","other","1917","783","1917","منتجات الجسم/كريم ازالة الشعر LOWE_S/ÜTS ürün kaydı.png"
"","other","1917","709","1917","منتجات الجسم/كريم الصدر LOWE_S/ÜTS ürün kaydı.png"
"","other","1915","733","1915","03 - المنتجات والكتالوج/صور المنتجات ومعلومات عنها/منتجات الشعر/سيروم الدقن LOWE_S/ÜTS ürün kaydı.png"
"","other","1915","733","1915","منتجات الشعر/سيروم الدقن LOWE_S/ÜTS ürün kaydı.png"
"","Print","1200","1800","1800","03 - المنتجات والكتالوج/صور المنتجات - منظمة/02 - منتجات الجسم/06 - تونر الجسم/LOWES_تونر-الجسم_Print.png"
"","Tube","1200","1800","1800","03 - المنتجات والكتالوج/صور المنتجات - منظمة/02 - منتجات الجسم/06 - تونر الجسم/LOWES_تونر-الجسم_Tube.png"
"","Print","1200","1800","1800","03 - المنتجات والكتالوج/صور المنتجات ومعلومات عنها/منتجات الجسم/تونر الجسم /Lowes - Body Toner - Print.png"
"","other","1200","1800","1800","03 - المنتجات والكتالوج/صور المنتجات ومعلومات عنها/منتجات الجسم/تونر الجسم /‏تونر الجسم.png"
"","Print","1200","1800","1800","منتجات الجسم/تونر الجسم_/Lowes - Body Toner - Print.png"
"","other","1200","1800","1800","منتجات الجسم/تونر الجسم_/‏تونر الجسم.png"
"","Photo","1600","702","1600","03 - المنتجات والكتالوج/صور المنتجات - منظمة/02 - منتجات الجسم/01 - كريم الصدر/LOWES_كريم-الصدر_Photo-1.jpeg"
"","Photo","1600","906","1600","03 - المنتجات والكتالوج/صور المنتجات - منظمة/02 - منتجات الجسم/01 - كريم الصدر/LOWES_كريم-الصدر_Photo-2.jpeg"
"","Photo","1600","702","1600","03 - المنتجات والكتالوج/صور المنتجات - منظمة/02 - منتجات الجسم/02 - سيروم الصدر/LOWES_سيروم-الصدر_Photo.jpeg"
"","other","1600","702","1600","03 - المنتجات والكتالوج/صور المنتجات ومعلومات عنها/منتجات الجسم/سيروم الصدر LOWE_S/‏‏WhatsApp Image 2024-07-08 at 9.43.14 PM - نسخة.jpeg"
"","other","1600","906","1600","03 - المنتجات والكتالوج/صور المنتجات ومعلومات عنها/منتجات الجسم/كريم الصدر LOWE_S/WhatsApp Image 2024-07-08 at 4.10.10 AM.jpeg"
"","other","1600","702","1600","03 - المنتجات والكتالوج/صور المنتجات ومعلومات عنها/منتجات الجسم/كريم الصدر LOWE_S/WhatsApp Image 2024-07-08 at 9.43.14 PM.jpeg"
"","other","1200","1600","1600","03 - المنتجات والكتالوج/صور المنتجات ومعلومات عنها/منتجات الشعر/سيروم الدقن LOWE_S/WhatsApp Image 2024-07-19 at 4.32.56 AM.jpeg"
"","other","1600","702","1600","منتجات الجسم/سيروم الصدر LOWE_S/‏‏WhatsApp Image 2024-07-08 at 9.43.14 PM - نسخة.jpeg"
"","other","1600","906","1600","منتجات الجسم/كريم الصدر LOWE_S/WhatsApp Image 2024-07-08 at 4.10.10 AM.jpeg"
"","other","1600","702","1600","منتجات الجسم/كريم الصدر LOWE_S/WhatsApp Image 2024-07-08 at 9.43.14 PM.jpeg"
"","other","1200","1600","1600","منتجات الشعر/سيروم الدقن LOWE_S/WhatsApp Image 2024-07-19 at 4.32.56 AM.jpeg"
"","Photo","976","1328","1328","03 - المنتجات والكتالوج/صور المنتجات - منظمة/01 - منتجات البشرة/15 - واقي الشمس الزهري/LOWES_واقي-شمس-زهري_Photo.jpeg"
"","Photo","1280","616","1280","03 - المنتجات والكتالوج/صور المنتجات - منظمة/01 - منتجات البشرة/09 - سيروم تحت العين/LOWES_سيروم-تحت-العين_Photo.jpg"
"","Photo","877","1234","1234","03 - المنتجات والكتالوج/صور المنتجات - منظمة/02 - منتجات الجسم/07 - سكراب الجسم/LOWES_سكراب-الجسم_Photo.jpeg"
"","other","877","1234","1234","03 - المنتجات والكتالوج/صور المنتجات ومعلومات عنها/منتجات الجسم/سكراب الجسم LOWE_S/WhatsApp Image 2024-12-27 at 1.35.55 AM (1).jpeg"
"","other","877","1234","1234","منتجات الجسم/سكراب الجسم LOWE_S/WhatsApp Image 2024-12-27 at 1.35.55 AM (1).jpeg"
"","Photo","1090","1102","1102","03 - المنتجات والكتالوج/صور المنتجات - منظمة/02 - منتجات الجسم/04 - كريم ازالة الشعر/LOWES_كريم-ازالة-الشعر_Photo.jpeg"
"","other","1090","1102","1102","03 - المنتجات والكتالوج/صور المنتجات ومعلومات عنها/منتجات الجسم/كريم ازالة الشعر LOWE_S/WhatsApp Image 2024-08-28 at 2.31.49 AM.jpeg"
"","other","1090","1102","1102","منتجات الجسم/كريم ازالة الشعر LOWE_S/WhatsApp Image 2024-08-28 at 2.31.49 AM.jpeg"
"","other","975","702","975","03 - المنتجات والكتالوج/صور المنتجات ومعلومات عنها/منتجات الجسم/سيروم الصدر LOWE_S/‏‏WhatsApp Image  - نسخة.jpeg"
"","other","975","702","975","منتجات الجسم/سيروم الصدر LOWE_S/‏‏WhatsApp Image  - نسخة.jpeg"
"","photo","640","640","640","02 - الصور والتصاميم/photo_2025-10-10_16-33-42.jpg"
"LW-BD-701","other","1080","1920","1920","03 - المنتجات والكتالوج/صور المنتجات - منظمة/02 - منتجات الجسم/08 - كريم التشققات/LOWES_كريم-التشققات_Design.jpg"
"LW-BD-701","Print","1080","1920","1920","03 - المنتجات والكتالوج/صور المنتجات - منظمة/02 - منتجات الجسم/08 - كريم التشققات/LOWES_كريم-التشققات_Print.png"
"LW-BD-701","other","1080","1920","1920","03 - المنتجات والكتالوج/صور المنتجات ومعلومات عنها/منتجات الجسم/كريم التشققات LOWE_S/LOWES - BODY FIRMING GEL .jpg"
"LW-BD-701","other","1080","1920","1920","03 - المنتجات والكتالوج/صور المنتجات ومعلومات عنها/منتجات الجسم/كريم التشققات LOWE_S/Lowes - Body Fırmıng Gel - PNG .png"
"LW-BD-701","other","1080","1920","1920","منتجات الجسم/كريم التشققات LOWE_S/LOWES - BODY FIRMING GEL .jpg"
"LW-BD-701","other","1080","1920","1920","منتجات الجسم/كريم التشققات LOWE_S/Lowes - Body Fırmıng Gel - PNG .png"
"LW-BD-701","other","1916","788","1916","03 - المنتجات والكتالوج/صور المنتجات ومعلومات عنها/منتجات الجسم/كريم التشققات LOWE_S/ÜTS ürün kaydı.png"
"LW-BD-701","other","1916","788","1916","منتجات الجسم/كريم التشققات LOWE_S/ÜTS ürün kaydı.png"
"LW-BD-701","other","996","1574","1574","03 - المنتجات والكتالوج/صور المنتجات ومعلومات عنها/منتجات الجسم/كريم التشققات LOWE_S/WhatsApp Image 2024-08-07 at 12.59.46 AM.jpeg"
"LW-BD-701","other","996","1574","1574","منتجات الجسم/كريم التشققات LOWE_S/WhatsApp Image 2024-08-07 at 12.59.46 AM.jpeg"
"LW-BD-703","Photo","5000","5000","5000","03 - المنتجات والكتالوج/صور المنتجات - منظمة/02 - منتجات الجسم/09 - كريم القدمين/LOWES_كريم-القدمين_Photo-1.jpg"
"LW-BD-703","other","5000","5000","5000","03 - المنتجات والكتالوج/صور المنتجات ومعلومات عنها/منتجات الجسم/كريم القدمين LOWE_S/Lowe_s - Foot Care Cream - 1.jpg"
"LW-BD-703","other","5000","5000","5000","منتجات الجسم/كريم القدمين LOWE_S/Lowe_s - Foot Care Cream - 1.jpg"
"LW-BD-703","Photo","4000","4000","4000","03 - المنتجات والكتالوج/صور المنتجات - منظمة/02 - منتجات الجسم/09 - كريم القدمين/LOWES_كريم-القدمين_Photo-2.jpg"
"LW-BD-703","other","4000","4000","4000","03 - المنتجات والكتالوج/صور المنتجات ومعلومات عنها/منتجات الجسم/كريم القدمين LOWE_S/foot care lowes.jpg"
"LW-BD-703","other","4000","4000","4000","منتجات الجسم/كريم القدمين LOWE_S/foot care lowes.jpg"
"LW-CR-301","Box","4000","4000","4000","03 - المنتجات والكتالوج/صور المنتجات - منظمة/01 - منتجات البشرة/04 - كريم المرطب/LOWES_كريم-المرطب_Box.png"
"LW-CR-301","Print","3000","4000","4000","03 - المنتجات والكتالوج/صور المنتجات - منظمة/01 - منتجات البشرة/04 - كريم المرطب/LOWES_كريم-المرطب_Print.png"
"LW-CR-301","Box","4000","4000","4000","03 - المنتجات والكتالوج/صور المنتجات ومعلومات عنها/منتجات البشرة/كريم المرطب LOWE_S/Lowes - Intense Repair Moisturizer Cream - Box.png"
"LW-CR-301","Print","3000","4000","4000","03 - المنتجات والكتالوج/صور المنتجات ومعلومات عنها/منتجات البشرة/كريم المرطب LOWE_S/Lowes - Intense Repair Moisturizer Cream - Print.png"
"LW-CR-301","Box","4000","4000","4000","منتجات البشرة/كريم المرطب LOWE_S/Lowes - Intense Repair Moisturizer Cream - Box.png"
"LW-CR-301","Print","3000","4000","4000","منتجات البشرة/كريم المرطب LOWE_S/Lowes - Intense Repair Moisturizer Cream - Print.png"
"LW-CR-301","other","1918","763","1918","03 - المنتجات والكتالوج/صور المنتجات ومعلومات عنها/منتجات البشرة/كريم المرطب LOWE_S/ÜTS ürün kaydı.png"
"LW-CR-301","other","1918","763","1918","منتجات البشرة/كريم المرطب LOWE_S/ÜTS ürün kaydı.png"
"LW-CR-302","Photo","4000","4000","4000","03 - المنتجات والكتالوج/صور المنتجات - منظمة/02 - منتجات الجسم/03 - كريم التبييض/LOWES_كريم-التبييض_Photo.png"
"LW-CR-302","Tube","3000","4000","4000","03 - المنتجات والكتالوج/صور المنتجات - منظمة/02 - منتجات الجسم/03 - كريم التبييض/LOWES_كريم-التبييض_Tube.png"
"LW-CR-302","Tube","3000","4000","4000","03 - المنتجات والكتالوج/صور المنتجات ومعلومات عنها/منتجات الجسم/كريم التبييض LOWE_S/Cilt Beyazlatıcı Krem - Tube  (1).png"
"LW-CR-302","other","4000","4000","4000","03 - المنتجات والكتالوج/صور المنتجات ومعلومات عنها/منتجات الجسم/كريم التبييض LOWE_S/IMG_8216.PNG"
"LW-CR-302","Tube","3000","4000","4000","منتجات الجسم/كريم التبييض LOWE_S/Cilt Beyazlatıcı Krem - Tube  (1).png"
"LW-CR-302","other","4000","4000","4000","منتجات الجسم/كريم التبييض LOWE_S/IMG_8216.PNG"
"LW-CR-302","other","1915","765","1915","03 - المنتجات والكتالوج/صور المنتجات ومعلومات عنها/منتجات الجسم/كريم التبييض LOWE_S/ÜTS ürün kaydı.png"
"LW-CR-302","other","1915","765","1915","منتجات الجسم/كريم التبييض LOWE_S/ÜTS ürün kaydı.png"
"LW-CR-303","Box","4000","4000","4000","03 - المنتجات والكتالوج/صور المنتجات ومعلومات عنها/منتجات البشرة/بكج الرزlowes /كريم الرزLOWES/Lowes - Rice Milk Spot Cream - Box (1).png"
"LW-CR-303","Box","4000","4000","4000","03 - المنتجات والكتالوج/صور المنتجات ومعلومات عنها/منتجات البشرة/بكج الرزlowes /كريم الرزLOWES/Lowes - Rice Milk Spot Cream - Box (2).png"
"LW-CR-303","Box","4000","4000","4000","منتجات البشرة/بكج الرزlowes_/كريم الرزLOWES/Lowes - Rice Milk Spot Cream - Box (1).png"
"LW-CR-303","Box","4000","4000","4000","منتجات البشرة/بكج الرزlowes_/كريم الرزLOWES/Lowes - Rice Milk Spot Cream - Box (2).png"
"LW-CR-303","Print","3000","3000","3000","03 - المنتجات والكتالوج/صور المنتجات ومعلومات عنها/منتجات البشرة/بكج الرزlowes /كريم الرزLOWES/Lowes - Rice Milk Spot Cream - Print.png"
"LW-CR-303","Print","3000","3000","3000","منتجات البشرة/بكج الرزlowes_/كريم الرزLOWES/Lowes - Rice Milk Spot Cream - Print.png"
"LW-CR-304","Print","6000","4000","6000","03 - المنتجات والكتالوج/صور المنتجات - منظمة/01 - منتجات البشرة/11 - كريم الريتينال شوت/LOWES_ريتينال-شوت_Print.png"
"LW-CR-304","Print","6000","4000","6000","03 - المنتجات والكتالوج/صور المنتجات ومعلومات عنها/منتجات البشرة/كريم الريتينال شوت /Lowe_s - Retinal Shot - Print.png"
"LW-CR-304","Print","6000","4000","6000","منتجات البشرة/كريم الريتينال شوت_/Lowe_s - Retinal Shot - Print.png"
"LW-CR-304","Box","3200","3200","3200","03 - المنتجات والكتالوج/صور المنتجات - منظمة/01 - منتجات البشرة/11 - كريم الريتينال شوت/LOWES_ريتينال-شوت_Box.png"
"LW-CR-304","Box","3200","3200","3200","03 - المنتجات والكتالوج/صور المنتجات ومعلومات عنها/منتجات البشرة/كريم الريتينال شوت /Lowe_s - Retinal Shot - Box.png"
"LW-CR-304","Box","3200","3200","3200","منتجات البشرة/كريم الريتينال شوت_/Lowe_s - Retinal Shot - Box.png"
"LW-CR-304","other","2880","2880","2880","03 - المنتجات والكتالوج/صور المنتجات - منظمة/01 - منتجات البشرة/11 - كريم الريتينال شوت/LOWES_ريتينال-شوت_Higgsfield-4.png"
"LW-CR-304","other","2880","2880","2880","03 - المنتجات والكتالوج/صور المنتجات ومعلومات عنها/منتجات البشرة/كريم الريتينال شوت /hf_20260525_205314_7a82a180-c881-4c83-bc52-16eb9e1888ff.png"
"LW-CR-304","other","2880","2880","2880","منتجات البشرة/كريم الريتينال شوت_/hf_20260525_205314_7a82a180-c881-4c83-bc52-16eb9e1888ff.png"
"LW-CR-304","other","2048","2048","2048","03 - المنتجات والكتالوج/صور المنتجات - منظمة/01 - منتجات البشرة/11 - كريم الريتينال شوت/LOWES_ريتينال-شوت_Higgsfield-3.png"
"LW-CR-304","other","2048","2048","2048","03 - المنتجات والكتالوج/صور المنتجات ومعلومات عنها/منتجات البشرة/كريم الريتينال شوت /hf_20260525_202808_3b141899-c447-409a-8ab8-db9f376d3b16.png"
"LW-CR-304","other","2048","2048","2048","منتجات البشرة/كريم الريتينال شوت_/hf_20260525_202808_3b141899-c447-409a-8ab8-db9f376d3b16.png"
"LW-CR-304","other","1024","1024","1024","03 - المنتجات والكتالوج/صور المنتجات - منظمة/01 - منتجات البشرة/11 - كريم الريتينال شوت/LOWES_ريتينال-شوت_Higgsfield-1.png"
"LW-CR-304","other","1024","1024","1024","03 - المنتجات والكتالوج/صور المنتجات - منظمة/01 - منتجات البشرة/11 - كريم الريتينال شوت/LOWES_ريتينال-شوت_Higgsfield-2.png"
"LW-CR-304","other","1024","1024","1024","03 - المنتجات والكتالوج/صور المنتجات ومعلومات عنها/منتجات البشرة/كريم الريتينال شوت /Lowes-Retinal-Shot Image 1.png"
"LW-CR-304","other","1024","1024","1024","03 - المنتجات والكتالوج/صور المنتجات ومعلومات عنها/منتجات البشرة/كريم الريتينال شوت /Lowes-Retinal-Shot Image 2.png"
"LW-CR-304","other","1024","1024","1024","منتجات البشرة/كريم الريتينال شوت_/Lowes-Retinal-Shot Image 1.png"
"LW-CR-304","other","1024","1024","1024","منتجات البشرة/كريم الريتينال شوت_/Lowes-Retinal-Shot Image 2.png"
"LW-FC-201","Print","1080","1920","1920","03 - المنتجات والكتالوج/صور المنتجات - منظمة/01 - منتجات البشرة/02 - غسول البشرة الدهنية/LOWES_غسول-البشرة-الدهنية_Print.png"
"LW-FC-201","Print","1080","1920","1920","03 - المنتجات والكتالوج/صور المنتجات ومعلومات عنها/منتجات البشرة/غسول البشرة الدهنية LOWE_S/Lowes - Facial Cleanser Gel - Yağlı ve Hassas - Print Rev. (1).png"
"LW-FC-201","Print","1080","1920","1920","منتجات البشرة/غسول البشرة الدهنية LOWE_S/Lowes - Facial Cleanser Gel - Yağlı ve Hassas - Print Rev. (1).png"
"LW-FC-202","Print","1080","1920","1920","03 - المنتجات والكتالوج/صور المنتجات - منظمة/01 - منتجات البشرة/01 - غسول الوجه/LOWES_غسول-الوجه_Print.png"
"LW-FC-202","other","1080","1920","1920","03 - المنتجات والكتالوج/صور المنتجات ومعلومات عنها/منتجات البشرة/غسول الوجه LOWE_S/Lowes - Yüz Yıkama Jeli - png .png"
"LW-FC-202","other","1080","1920","1920","منتجات البشرة/غسول الوجه LOWE_S/Lowes - Yüz Yıkama Jeli - png .png"
"LW-FC-202","Photo","1000","1000","1000","03 - المنتجات والكتالوج/صور المنتجات - منظمة/01 - منتجات البشرة/01 - غسول الوجه/LOWES_غسول-الوجه_Photo.jpeg"
"LW-FC-202","other","1000","1000","1000","03 - المنتجات والكتالوج/صور المنتجات ومعلومات عنها/منتجات البشرة/غسول الوجه LOWE_S/WhatsApp Image 2024-10-17 at 4.21.36 AM.jpeg"
"LW-FC-202","other","1000","1000","1000","منتجات البشرة/غسول الوجه LOWE_S/WhatsApp Image 2024-10-17 at 4.21.36 AM.jpeg"
"LW-FC-203","Box","1200","1800","1800","03 - المنتجات والكتالوج/صور المنتجات - منظمة/01 - منتجات البشرة/03 - تونر الوجه/LOWES_تونر-الوجه_Box.png"
"LW-FC-203","Print","1200","1800","1800","03 - المنتجات والكتالوج/صور المنتجات - منظمة/01 - منتجات البشرة/03 - تونر الوجه/LOWES_تونر-الوجه_Print.png"
"LW-FC-203","other","1200","1800","1800","03 - المنتجات والكتالوج/صور المنتجات ومعلومات عنها/منتجات البشرة/LOWE_S تونر الوجه /LOWE_S PORE TIGHTENING & PURIFYING TONER/تونر الوجه .png"
"LW-FC-203","other","1200","1800","1800","03 - المنتجات والكتالوج/صور المنتجات ومعلومات عنها/منتجات البشرة/LOWE_S تونر الوجه /تونر الوجه_.png"
"LW-FC-203","other","1200","1800","1800","منتجات البشرة/LOWE_S تونر الوجه_/LOWE_S PORE TIGHTENING & PURIFYING TONER/تونر الوجه .png"
"LW-FC-203","other","1200","1800","1800","منتجات البشرة/LOWE_S تونر الوجه_/تونر الوجه_.png"
"LW-FC-203","Photo","1280","1280","1280","03 - المنتجات والكتالوج/صور المنتجات - منظمة/01 - منتجات البشرة/03 - تونر الوجه/LOWES_تونر-الوجه_Photo.jpg"
"LW-FC-203","other","1280","1280","1280","03 - المنتجات والكتالوج/صور المنتجات ومعلومات عنها/منتجات البشرة/LOWE_S تونر الوجه /c895482b-657d-4371-b463-475be78c5ad7.jpg"
"LW-FC-203","other","1280","1280","1280","منتجات البشرة/LOWE_S تونر الوجه_/c895482b-657d-4371-b463-475be78c5ad7.jpg"
"LW-FC-204","Box","4000","4000","4000","03 - المنتجات والكتالوج/صور المنتجات - منظمة/01 - منتجات البشرة/13 - جل مقشر الوجه/LOWES_جل-مقشر_Box.png"
"LW-FC-204","Box","4000","4000","4000","03 - المنتجات والكتالوج/صور المنتجات ومعلومات عنها/منتجات البشرة/جل مقشر LOWE_S/Lowes - Facial Peeling Gel - Box.png"
"LW-FC-204","Box","4000","4000","4000","منتجات البشرة/جل مقشر LOWE_S/Lowes - Facial Peeling Gel - Box.png"
"LW-FC-204","Print","1080","1080","1080","03 - المنتجات والكتالوج/صور المنتجات - منظمة/01 - منتجات البشرة/13 - جل مقشر الوجه/LOWES_جل-مقشر_Print.png"
"LW-FC-204","Print","1080","1080","1080","03 - المنتجات والكتالوج/صور المنتجات ومعلومات عنها/منتجات البشرة/جل مقشر LOWE_S/Lowes - Facial Peeling Gel - Print.png"
"LW-FC-204","Print","1080","1080","1080","منتجات البشرة/جل مقشر LOWE_S/Lowes - Facial Peeling Gel - Print.png"
"LW-HR-801","Print","2000","2000","2000","03 - المنتجات والكتالوج/صور المنتجات - منظمة/03 - منتجات الشعر/01 - شامبو الروزماري/LOWES_شامبو-روزماري_Print.png"
"LW-HR-801","Tube","2000","2000","2000","03 - المنتجات والكتالوج/صور المنتجات - منظمة/03 - منتجات الشعر/01 - شامبو الروزماري/LOWES_شامبو-روزماري_Tube.png"
"LW-HR-801","Print","2000","2000","2000","03 - المنتجات والكتالوج/صور المنتجات ومعلومات عنها/منتجات الشعر/شامبو الشعر LOWE_S/Lowes - Rosemary Shampoo - Print Güncel.png"
"LW-HR-801","other","2000","2000","2000","03 - المنتجات والكتالوج/صور المنتجات ومعلومات عنها/منتجات الشعر/شامبو الشعر LOWE_S/شامبو روزماري.png"
"LW-HR-801","Print","2000","2000","2000","منتجات الشعر/شامبو الشعر LOWE_S/Lowes - Rosemary Shampoo - Print Güncel.png"
"LW-HR-801","other","2000","2000","2000","منتجات الشعر/شامبو الشعر LOWE_S/شامبو روزماري.png"
"LW-HR-802","Print","3000","4000","4000","03 - المنتجات والكتالوج/صور المنتجات - منظمة/03 - منتجات الشعر/03 - تونر الشعر روزماري/LOWES_تونر-شعر-روزماري_Print.png"
"LW-HR-802","Print","3000","4000","4000","03 - المنتجات والكتالوج/صور المنتجات ومعلومات عنها/منتجات الشعر/تونر الشعر LOWE_S/Lowes - Pure Rosemary Water - Print.png"
"LW-HR-802","Print","3000","4000","4000","منتجات الشعر/تونر الشعر LOWE_S/Lowes - Pure Rosemary Water - Print.png"
"LW-HR-802","Box","1000","1000","1000","03 - المنتجات والكتالوج/صور المنتجات - منظمة/03 - منتجات الشعر/03 - تونر الشعر روزماري/LOWES_تونر-شعر-روزماري_Box.png"
"LW-HR-802","Box","1000","1000","1000","03 - المنتجات والكتالوج/صور المنتجات ومعلومات عنها/منتجات الشعر/تونر الشعر LOWE_S/Rosemary Water - Box .png"
"LW-HR-802","Box","1000","1000","1000","منتجات الشعر/تونر الشعر LOWE_S/Rosemary Water - Box .png"
"LW-HR-803","Photo","4000","4000","4000","03 - المنتجات والكتالوج/صور المنتجات - منظمة/03 - منتجات الشعر/02 - سيروم الشعر روزماري/LOWES_سيروم-شعر-روزماري_Photo.png"
"LW-HR-803","Print","3000","4000","4000","03 - المنتجات والكتالوج/صور المنتجات - منظمة/03 - منتجات الشعر/02 - سيروم الشعر روزماري/LOWES_سيروم-شعر-روزماري_Print.png"
"LW-HR-803","other","4000","4000","4000","03 - المنتجات والكتالوج/صور المنتجات ومعلومات عنها/منتجات الشعر/سيروم الشعر LOWE_S/IMG_8221.PNG"
"LW-HR-803","Print","3000","4000","4000","03 - المنتجات والكتالوج/صور المنتجات ومعلومات عنها/منتجات الشعر/سيروم الشعر LOWE_S/Lowes - Rosemary Hair Oil - Print Güncel.png"
"LW-HR-803","other","4000","4000","4000","منتجات الشعر/سيروم الشعر LOWE_S/IMG_8221.PNG"
"LW-HR-803","Print","3000","4000","4000","منتجات الشعر/سيروم الشعر LOWE_S/Lowes - Rosemary Hair Oil - Print Güncel.png"
"LW-SP-401","other","3000","4000","4000","03 - المنتجات والكتالوج/صور المنتجات ومعلومات عنها/منتجات البشرة/واقي الشمس زهري LOWE_S/Lowes - Pembe Güneş Kremi .png"
"LW-SP-401","other","3000","4000","4000","منتجات البشرة/واقي الشمس زهري LOWE_S/Lowes - Pembe Güneş Kremi .png"
"LW-SP-401","other","976","1328","1328","03 - المنتجات والكتالوج/صور المنتجات ومعلومات عنها/منتجات البشرة/واقي الشمس زهري LOWE_S/WhatsApp Image 2025-01-28 at 10.43.21 PM.jpeg"
"LW-SP-401","other","976","1328","1328","منتجات البشرة/واقي الشمس زهري LOWE_S/WhatsApp Image 2025-01-28 at 10.43.21 PM.jpeg"
"LW-SP-402","Box","4000","4000","4000","03 - المنتجات والكتالوج/صور المنتجات ومعلومات عنها/منتجات البشرة/واقي الشمس اورانج LOWE_S/Lowes - Anti Blemish Sunscreen - Box.png"
"LW-SP-402","Print","4000","4000","4000","03 - المنتجات والكتالوج/صور المنتجات ومعلومات عنها/منتجات البشرة/واقي الشمس اورانج LOWE_S/Lowes - Anti Blemish Sunscreen - Print.png"
"LW-SP-402","Box","4000","4000","4000","منتجات البشرة/واقي الشمس اورانج LOWE_S/Lowes - Anti Blemish Sunscreen - Box.png"
"LW-SP-402","Print","4000","4000","4000","منتجات البشرة/واقي الشمس اورانج LOWE_S/Lowes - Anti Blemish Sunscreen - Print.png"
"LW-SR-101","Photo","4000","4000","4000","03 - المنتجات والكتالوج/صور المنتجات - منظمة/01 - منتجات البشرة/06 - سيروم فيتامين سي/LOWES_سيروم-فيتامين-سي_Photo.png"
"LW-SR-101","Tube","3000","4000","4000","03 - المنتجات والكتالوج/صور المنتجات - منظمة/01 - منتجات البشرة/06 - سيروم فيتامين سي/LOWES_سيروم-فيتامين-سي_Tube.png"
"LW-SR-101","other","4000","4000","4000","03 - المنتجات والكتالوج/صور المنتجات ومعلومات عنها/منتجات البشرة/سيروم فيتامين سي LOWE_S/IMG_8215.PNG"
"LW-SR-101","TUBE","3000","4000","4000","03 - المنتجات والكتالوج/صور المنتجات ومعلومات عنها/منتجات البشرة/سيروم فيتامين سي LOWE_S/LOWES - C VITAMINI SERUM - TUBE.png"
"LW-SR-101","other","4000","4000","4000","منتجات البشرة/سيروم فيتامين سي LOWE_S/IMG_8215.PNG"
"LW-SR-101","TUBE","3000","4000","4000","منتجات البشرة/سيروم فيتامين سي LOWE_S/LOWES - C VITAMINI SERUM - TUBE.png"
"LW-SR-101","other","1200","1600","1600","03 - المنتجات والكتالوج/صور المنتجات ومعلومات عنها/تساترالمنتجات/تصميم قديم/سيروم فيتامين سي LOWE_S/WhatsApp Image 2024-09-20 at 3.03.57 AM.jpeg"
"LW-SR-101","other","1200","1600","1600","تساترالمنتجات/تصميم قديم/سيروم فيتامين سي LOWE_S/WhatsApp Image 2024-09-20 at 3.03.57 AM.jpeg"
"LW-SR-102","other","12756","12756","12756","03 - المنتجات والكتالوج/صور المنتجات ومعلومات عنها/منتجات البشرة/سيروم ريتينول LOWE_S/تصميم قديم /LOWES - RETINOL - SERUM -.png"
"LW-SR-102","other","12756","12756","12756","منتجات البشرة/سيروم ريتينول LOWE_S/تصميم قديم_/LOWES - RETINOL - SERUM -.png"
"LW-SR-102","TUBE","6250","8334","8334","03 - المنتجات والكتالوج/صور المنتجات ومعلومات عنها/منتجات البشرة/سيروم ريتينول LOWE_S/تصميم قديم /LOWE - RETİNOL SERUM - TUBE - _page-0001.jpg"
"LW-SR-102","TUBE","6250","8334","8334","منتجات البشرة/سيروم ريتينول LOWE_S/تصميم قديم_/LOWE - RETİNOL SERUM - TUBE - _page-0001.jpg"
"LW-SR-102","Print","3000","4000","4000","03 - المنتجات والكتالوج/صور المنتجات - منظمة/01 - منتجات البشرة/10 - سيروم الريتينول/LOWES_سيروم-الريتينول_Print.png"
"LW-SR-102","Tube","4000","4000","4000","03 - المنتجات والكتالوج/صور المنتجات - منظمة/01 - منتجات البشرة/10 - سيروم الريتينول/LOWES_سيروم-الريتينول_Tube.png"
"LW-SR-102","BOX","4000","4000","4000","03 - المنتجات والكتالوج/صور المنتجات ومعلومات عنها/منتجات البشرة/سيروم ريتينول LOWE_S/تصميم قديم /LOWES - RETI╠çNOL SERUM - BOX .png"
"LW-SR-102","TUBE","3000","4000","4000","03 - المنتجات والكتالوج/صور المنتجات ومعلومات عنها/منتجات البشرة/سيروم ريتينول LOWE_S/تصميم قديم /LOWES - RETI╠çNOL SERUM - TUBE .png"
"LW-SR-102","other","3000","4000","4000","03 - المنتجات والكتالوج/صور المنتجات ومعلومات عنها/منتجات البشرة/سيروم ريتينول LOWE_S/ريتينول_.png"
"LW-SR-102","other","4000","4000","4000","03 - المنتجات والكتالوج/صور المنتجات ومعلومات عنها/منتجات البشرة/سيروم ريتينول LOWE_S/سيروم الريتينول.png"
"LW-SR-102","BOX","4000","4000","4000","منتجات البشرة/سيروم ريتينول LOWE_S/تصميم قديم_/LOWES - RETI╠çNOL SERUM - BOX .png"
"LW-SR-102","TUBE","3000","4000","4000","منتجات البشرة/سيروم ريتينول LOWE_S/تصميم قديم_/LOWES - RETI╠çNOL SERUM - TUBE .png"
"LW-SR-102","other","3000","4000","4000","منتجات البشرة/سيروم ريتينول LOWE_S/ريتينول_.png"
"LW-SR-102","other","4000","4000","4000","منتجات البشرة/سيروم ريتينول LOWE_S/سيروم الريتينول.png"
"LW-SR-102","other","1600","1600","1600","03 - المنتجات والكتالوج/صور المنتجات ومعلومات عنها/منتجات البشرة/سيروم ريتينول LOWE_S/تصميم قديم /WhatsApp Image 2024-09-19 at 2.33.38 AM.jpeg"
"LW-SR-102","other","1600","1600","1600","منتجات البشرة/سيروم ريتينول LOWE_S/تصميم قديم_/WhatsApp Image 2024-09-19 at 2.33.38 AM.jpeg"
"LW-SR-103","other","4000","4000","4000","03 - المنتجات والكتالوج/صور المنتجات - منظمة/01 - منتجات البشرة/08 - سيروم البقع/LOWES_سيروم-البقع_1.png"
"LW-SR-103","other","3000","4000","4000","03 - المنتجات والكتالوج/صور المنتجات - منظمة/01 - منتجات البشرة/08 - سيروم البقع/LOWES_سيروم-البقع_2.png"
"LW-SR-103","other","3000","4000","4000","03 - المنتجات والكتالوج/صور المنتجات - منظمة/01 - منتجات البشرة/08 - سيروم البقع/LOWES_سيروم-البقع_3.png"
"LW-SR-103","Box","4000","4000","4000","03 - المنتجات والكتالوج/صور المنتجات - منظمة/01 - منتجات البشرة/08 - سيروم البقع/LOWES_سيروم-البقع_Box.png"
"LW-SR-103","Box","4000","4000","4000","03 - المنتجات والكتالوج/صور المنتجات ومعلومات عنها/منتجات البشرة/سيروم البقع LOWE_S/Lowes - Dark Spot Corrector Serum - Box.png"
"LW-SR-103","other","3000","4000","4000","03 - المنتجات والكتالوج/صور المنتجات ومعلومات عنها/منتجات البشرة/سيروم البقع LOWE_S/LOWES - LEKE KARŞITI SERUM - AMBALAJ.png"
"LW-SR-103","other","3000","4000","4000","03 - المنتجات والكتالوج/صور المنتجات ومعلومات عنها/منتجات البشرة/سيروم البقع LOWE_S/Lowes - Leke Karşıtı Serum - .png"
"LW-SR-103","Box","4000","4000","4000","منتجات البشرة/سيروم البقع LOWE_S/Lowes - Dark Spot Corrector Serum - Box.png"
"LW-SR-103","other","3000","4000","4000","منتجات البشرة/سيروم البقع LOWE_S/LOWES - LEKE KARŞITI SERUM - AMBALAJ.png"
"LW-SR-103","other","3000","4000","4000","منتجات البشرة/سيروم البقع LOWE_S/Lowes - Leke Karşıtı Serum - .png"
"LW-SR-104","Box","4000","4000","4000","03 - المنتجات والكتالوج/صور المنتجات - منظمة/01 - منتجات البشرة/05 - سيروم المرطب/LOWES_سيروم-المرطب_Box.png"
"LW-SR-104","Print","3000","4000","4000","03 - المنتجات والكتالوج/صور المنتجات - منظمة/01 - منتجات البشرة/05 - سيروم المرطب/LOWES_سيروم-المرطب_Print.png"
"LW-SR-104","Box","4000","4000","4000","03 - المنتجات والكتالوج/صور المنتجات ومعلومات عنها/منتجات البشرة/سيروم المرطب LOWE_S/Lowes - Intensive Hydration Serum - Box.png"
"LW-SR-104","Print","3000","4000","4000","03 - المنتجات والكتالوج/صور المنتجات ومعلومات عنها/منتجات البشرة/سيروم المرطب LOWE_S/Lowes - Intensive Hydration Serum - Print.png"
"LW-SR-104","Box","4000","4000","4000","منتجات البشرة/سيروم المرطب LOWE_S/Lowes - Intensive Hydration Serum - Box.png"
"LW-SR-104","Print","3000","4000","4000","منتجات البشرة/سيروم المرطب LOWE_S/Lowes - Intensive Hydration Serum - Print.png"
"LW-SR-105","Box","4000","4000","4000","03 - المنتجات والكتالوج/صور المنتجات - منظمة/01 - منتجات البشرة/07 - سيروم الكولاجين/LOWES_سيروم-الكولاجين_Box.png"
"LW-SR-105","Print","3000","4000","4000","03 - المنتجات والكتالوج/صور المنتجات - منظمة/01 - منتجات البشرة/07 - سيروم الكولاجين/LOWES_سيروم-الكولاجين_Print.png"
"LW-SR-105","Box","4000","4000","4000","03 - المنتجات والكتالوج/صور المنتجات - منظمة/01 - منتجات البشرة/14 - ماسك الكولاجين/LOWES_ماسك-الكولاجين_Box.png"
"LW-SR-105","Print","4000","4000","4000","03 - المنتجات والكتالوج/صور المنتجات - منظمة/01 - منتجات البشرة/14 - ماسك الكولاجين/LOWES_ماسك-الكولاجين_Print.png"
"LW-SR-105","Box","4000","4000","4000","03 - المنتجات والكتالوج/صور المنتجات ومعلومات عنها/منتجات البشرة/سيروم الكولاجينLOWE_S/Lowes - Collagen Serum - Box.png"
"LW-SR-105","Print","3000","4000","4000","03 - المنتجات والكتالوج/صور المنتجات ومعلومات عنها/منتجات البشرة/سيروم الكولاجينLOWE_S/Lowes - Collagen Serum - Print.png"
"LW-SR-105","Box","4000","4000","4000","03 - المنتجات والكتالوج/صور المنتجات ومعلومات عنها/منتجات البشرة/ماسك الكولاجين LOWE_S/Lowes - Collagen Hydro Bomb Mask - Box.png"
"LW-SR-105","Print","4000","4000","4000","03 - المنتجات والكتالوج/صور المنتجات ومعلومات عنها/منتجات البشرة/ماسك الكولاجين LOWE_S/Lowes - Collagen Hydro Bomb Mask - Print.png"
"LW-SR-105","Box","4000","4000","4000","منتجات البشرة/سيروم الكولاجينLOWE_S/Lowes - Collagen Serum - Box.png"
"LW-SR-105","Print","3000","4000","4000","منتجات البشرة/سيروم الكولاجينLOWE_S/Lowes - Collagen Serum - Print.png"
"LW-SR-105","Box","4000","4000","4000","منتجات البشرة/ماسك الكولاجين LOWE_S/Lowes - Collagen Hydro Bomb Mask - Box.png"
"LW-SR-105","Print","4000","4000","4000","منتجات البشرة/ماسك الكولاجين LOWE_S/Lowes - Collagen Hydro Bomb Mask - Print.png"
"LW-SR-105","other","2560","1440","2560","03 - المنتجات والكتالوج/صور المنتجات - منظمة/01 - منتجات البشرة/14 - ماسك الكولاجين/LOWES_ماسك-الكولاجين_Design.jpg"
"LW-SR-105","other","2560","1440","2560","03 - المنتجات والكتالوج/صور المنتجات ومعلومات عنها/منتجات البشرة/ماسك الكولاجين LOWE_S/Lowes - Collagen Hydro Bomb Mask - Design 10.jpg"
"LW-SR-105","other","2560","1440","2560","منتجات البشرة/ماسك الكولاجين LOWE_S/Lowes - Collagen Hydro Bomb Mask - Design 10.jpg"
"LW-SR-106","Box","4000","4000","4000","03 - المنتجات والكتالوج/صور المنتجات ومعلومات عنها/منتجات البشرة/سيروم الهالات تحت العين LOWE_S/Lowes - Under Eye Serum - Box.png"
"LW-SR-106","Print","3000","4000","4000","03 - المنتجات والكتالوج/صور المنتجات ومعلومات عنها/منتجات البشرة/سيروم الهالات تحت العين LOWE_S/Lowes - Under Eye Serum - Print.png"
"LW-SR-106","Box","4000","4000","4000","منتجات البشرة/سيروم الهالات تحت العين LOWE_S/Lowes - Under Eye Serum - Box.png"
"LW-SR-106","Print","3000","4000","4000","منتجات البشرة/سيروم الهالات تحت العين LOWE_S/Lowes - Under Eye Serum - Print.png"
"LW-SR-106","other","1280","616","1280","03 - المنتجات والكتالوج/صور المنتجات ومعلومات عنها/منتجات البشرة/سيروم الهالات تحت العين LOWE_S/25312e0d-4f54-4da1-9b2b-836f406a99f0.jpg"
"LW-SR-106","other","1280","616","1280","03 - المنتجات والكتالوج/صور المنتجات ومعلومات عنها/منتجات البشرة/سيروم الهالات تحت العين LOWE_S/LOWE_S UNDER EYE SERUM/25312e0d-4f54-4da1-9b2b-836f406a99f0 (1).jpg"
"LW-SR-106","other","1280","616","1280","منتجات البشرة/سيروم الهالات تحت العين LOWE_S/25312e0d-4f54-4da1-9b2b-836f406a99f0.jpg"
"LW-SR-106","other","1280","616","1280","منتجات البشرة/سيروم الهالات تحت العين LOWE_S/LOWE_S UNDER EYE SERUM/25312e0d-4f54-4da1-9b2b-836f406a99f0 (1).jpg"
"LW-SR-107","Box","4000","4000","4000","03 - المنتجات والكتالوج/صور المنتجات - منظمة/01 - منتجات البشرة/12 - سيروم الحبوب/LOWES_سيروم-الحبوب_Box.png"
"LW-SR-107","Print","3000","4000","4000","03 - المنتجات والكتالوج/صور المنتجات - منظمة/01 - منتجات البشرة/12 - سيروم الحبوب/LOWES_سيروم-الحبوب_Print.png"
"LW-SR-107","Print","3000","4000","4000","03 - المنتجات والكتالوج/صور المنتجات ومعلومات عنها/منتجات البشرة/سيروم الحبوب LOWE_S/Lowes - Anti Acne - Print Güncel.png"
"LW-SR-107","Box","4000","4000","4000","03 - المنتجات والكتالوج/صور المنتجات ومعلومات عنها/منتجات البشرة/سيروم الحبوب LOWE_S/Lowes - Anti Acne Serum - Box Güncel.png"
"LW-SR-107","Print","3000","4000","4000","منتجات البشرة/سيروم الحبوب LOWE_S/Lowes - Anti Acne - Print Güncel.png"
"LW-SR-107","Box","4000","4000","4000","منتجات البشرة/سيروم الحبوب LOWE_S/Lowes - Anti Acne Serum - Box Güncel.png"
"LW-SR-108","Box","4000","4000","4000","03 - المنتجات والكتالوج/صور المنتجات ومعلومات عنها/منتجات البشرة/بكج الرزlowes /سيروم الرز lowes/Lowes - Rice Milk Serum - Box.png"
"LW-SR-108","Box","4000","4000","4000","منتجات البشرة/بكج الرزlowes_/سيروم الرز lowes/Lowes - Rice Milk Serum - Box.png"
"LW-SR-108","Print","3000","3000","3000","03 - المنتجات والكتالوج/صور المنتجات ومعلومات عنها/منتجات البشرة/بكج الرزlowes /سيروم الرز lowes/Lowes - Rice Milk Serum - Print.png"
"LW-SR-108","Print","3000","3000","3000","منتجات البشرة/بكج الرزlowes_/سيروم الرز lowes/Lowes - Rice Milk Serum - Print.png"
"LW-TN-601","Print","3000","3000","3000","03 - المنتجات والكتالوج/صور المنتجات ومعلومات عنها/منتجات البشرة/بكج الرزlowes /تونر الرز LOWES /Lowes - Rice Milk Tonic - Print (1).png"
"LW-TN-601","Print","3000","3000","3000","03 - المنتجات والكتالوج/صور المنتجات ومعلومات عنها/منتجات البشرة/بكج الرزlowes /تونر الرز LOWES /Lowes - Rice Milk Tonic - Print (2).png"
"LW-TN-601","Print","3000","3000","3000","منتجات البشرة/بكج الرزlowes_/تونر الرز LOWES_/Lowes - Rice Milk Tonic - Print (1).png"
"LW-TN-601","Print","3000","3000","3000","منتجات البشرة/بكج الرزlowes_/تونر الرز LOWES_/Lowes - Rice Milk Tonic - Print (2).png"