sku,product,pack_text_layer,label_company,needs_visual_read,needs_manufacturer,regulatory_flags
"LW-FC-201","Oily & Sensitive Skin Cleanser Gel","true","CEELLO KOZMETİK VE KİMYA SANAYİ TİCARET A.Ş. (Afyonkarahisar)","INCI · EAN (باركود غير مقروء آلياً)","إقرار/تأكيد INCI النهائي مطابقاً للعبوة · ورقة المكوّنات الموقعة (CAS + أوزان) من R&D لملف التسجيل · تقارير الاختبار (الملحق 1) وFree Sale Certificate",""
"LW-FC-202","Normal & Dry Skin Cleanser Gel","false","","كل بيانات العبوة (النص محوّل لمنحنيات) · INCI · Batch/Exp · EAN (باركود غير مقروء آلياً)","إقرار/تأكيد INCI النهائي مطابقاً للعبوة · ورقة المكوّنات الموقعة (CAS + أوزان) من R&D لملف التسجيل · تقارير الاختبار (الملحق 1) وFree Sale Certificate",""
"LW-FC-203","Pore Tightening & Purifying Toner","true","THE CEEL KOZMETİK İÇ VE DIŞ TİCARET A.Ş. (İstanbul, Ataşehir)","EAN (باركود غير مقروء آلياً)","إقرار/تأكيد INCI النهائي مطابقاً للعبوة · ورقة المكوّنات الموقعة (CAS + أوزان) من R&D لملف التسجيل · تقارير الاختبار (الملحق 1) وFree Sale Certificate · مراجعة الادعاءات/المكوّنات المُعلَّمة","AHA: pH ≥ 3.5 للتجزئة وتحذيرات ملصق إلزامية (9.6)"
"LW-FC-204","Facial Peeling Gel","true","CEELLO KOZMETİK VE KİMYA SANAYİ TİCARET A.Ş. (Afyonkarahisar)","Batch/Exp · EAN (باركود غير مقروء آلياً)","إقرار/تأكيد INCI النهائي مطابقاً للعبوة · ورقة المكوّنات الموقعة (CAS + أوزان) من R&D لملف التسجيل · تقارير الاختبار (الملحق 1) وFree Sale Certificate · مراجعة الادعاءات/المكوّنات المُعلَّمة","AHA: pH ≥ 3.5 للتجزئة وتحذيرات ملصق إلزامية (9.6)"
"LW-SR-101","Vitamin C Serum","true","L B İÇ VE DIŞ TİCARET KOZMETİK A.Ş.","EAN (باركود غير مقروء آلياً)","إقرار/تأكيد INCI النهائي مطابقاً للعبوة · ورقة المكوّنات الموقعة (CAS + أوزان) من R&D لملف التسجيل · تقارير الاختبار (الملحق 1) وFree Sale Certificate",""
"LW-SR-102","Retinol Serum 1%","true","L B İÇ VE DIŞ TİCARET KOZMETİK A.Ş. (İstanbul, Kadıköy)","Batch/Exp · EAN (باركود غير مقروء آلياً)","إقرار/تأكيد INCI النهائي مطابقاً للعبوة · ورقة المكوّنات الموقعة (CAS + أوزان) من R&D لملف التسجيل · تقارير الاختبار (الملحق 1) وFree Sale Certificate",""
"LW-SR-103","Dark Spot Corrector Serum","true","THE CEEL KOZMETİK İÇ VE DIŞ TİCARET A.Ş. (İstanbul, Ataşehir)","EAN (باركود غير مقروء آلياً)","إقرار/تأكيد INCI النهائي مطابقاً للعبوة · ورقة المكوّنات الموقعة (CAS + أوزان) من R&D لملف التسجيل · تقارير الاختبار (الملحق 1) وFree Sale Certificate · مراجعة الادعاءات/المكوّنات المُعلَّمة","تفتيح: اختبار Hydroquinone (يجب غيابه) ضمن تحاليل التسجيل (الملحق 1)"
"LW-SR-104","Intensive Hydration Serum","false","","كل بيانات العبوة (النص محوّل لمنحنيات) · Batch/Exp · EAN (باركود غير مقروء آلياً)","إقرار/تأكيد INCI النهائي مطابقاً للعبوة · ورقة المكوّنات الموقعة (CAS + أوزان) من R&D لملف التسجيل · تقارير الاختبار (الملحق 1) وFree Sale Certificate",""
"LW-SR-105","Collagen Serum","true","CEELLO KOZMETİK VE KİMYA SANAYİ TİCARET A.Ş. (Afyonkarahisar)","EAN (باركود غير مقروء آلياً)","إقرار/تأكيد INCI النهائي مطابقاً للعبوة · ورقة المكوّنات الموقعة (CAS + أوزان) من R&D لملف التسجيل · تقارير الاختبار (الملحق 1) وFree Sale Certificate",""
"LW-SR-106","Under Eye Serum","true","THE CEEL KOZMETİK İÇ VE DIŞ TİCARET A.Ş. (İstanbul, Ataşehir)","EAN (باركود غير مقروء آلياً)","إقرار/تأكيد INCI النهائي مطابقاً للعبوة · ورقة المكوّنات الموقعة (CAS + أوزان) من R&D لملف التسجيل · تقارير الاختبار (الملحق 1) وFree Sale Certificate",""
"LW-SR-107","Anti-Acne Serum","true","CEELLO KOZMETİK VE KİMYA SANAYİ TİCARET A.Ş. (Afyonkarahisar)","EAN (باركود غير مقروء آلياً)","إقرار/تأكيد INCI النهائي مطابقاً للعبوة · ورقة المكوّنات الموقعة (CAS + أوزان) من R&D لملف التسجيل · تقارير الاختبار (الملحق 1) وFree Sale Certificate · مراجعة الادعاءات/المكوّنات المُعلَّمة","acne: القسم 5.2 من دليل بلدية دبي يضع «منتجات حب الشباب» خارج نطاق مستحضرات التجميل (ادعاء مرضي) || تفتيح: اختبار Hydroquinone (يجب غيابه) ضمن تحاليل التسجيل (الملحق 1)"
"LW-CR-301","Intense Repair Moisturizer Cream","false","","كل بيانات العبوة (النص محوّل لمنحنيات) · INCI · Batch/Exp · EAN (باركود غير مقروء آلياً)","إقرار/تأكيد INCI النهائي مطابقاً للعبوة · ورقة المكوّنات الموقعة (CAS + أوزان) من R&D لملف التسجيل · تقارير الاختبار (الملحق 1) وFree Sale Certificate",""
"LW-CR-304","Retinal Shot Cream","true","CEELLO KOZMETİK VE KİMYA SANAYİ TİCARET A.Ş. (Afyonkarahisar)","INCI · Batch/Exp · EAN (باركود غير مقروء آلياً)","إقرار/تأكيد INCI النهائي مطابقاً للعبوة · ورقة المكوّنات الموقعة (CAS + أوزان) من R&D لملف التسجيل · تقارير الاختبار (الملحق 1) وFree Sale Certificate",""
"LW-CR-302","Skin Brightening Cream","true","L B İÇ VE DIŞ TİCARET KOZMETİK A.Ş. (İstanbul, Kadıköy)","EAN (باركود غير مقروء آلياً)","إقرار/تأكيد INCI النهائي مطابقاً للعبوة · ورقة المكوّنات الموقعة (CAS + أوزان) من R&D لملف التسجيل · تقارير الاختبار (الملحق 1) وFree Sale Certificate · مراجعة الادعاءات/المكوّنات المُعلَّمة","تفتيح: اختبار Hydroquinone (يجب غيابه) ضمن تحاليل التسجيل (الملحق 1)"
"LW-SP-401","Tone Up Pink Sunscreen SPF50+","false","","كل بيانات العبوة (النص محوّل لمنحنيات) · INCI · Batch/Exp · EAN (باركود غير مقروء آلياً)","إقرار/تأكيد INCI النهائي مطابقاً للعبوة · ورقة المكوّنات الموقعة (CAS + أوزان) من R&D لملف التسجيل · تقارير الاختبار (الملحق 1) وFree Sale Certificate · مراجعة الادعاءات/المكوّنات المُعلَّمة","واقي شمس: يدخل نطاق التجميل؛ ادعاء SPF يحتاج تقرير اختبار (غير موجود بالملفات)"
"LW-SP-402","Anti-Blemish Sunscreen SPF50+","true","","INCI · Batch/Exp · EAN (باركود غير مقروء آلياً)","إقرار/تأكيد INCI النهائي مطابقاً للعبوة · ورقة المكوّنات الموقعة (CAS + أوزان) من R&D لملف التسجيل · تقارير الاختبار (الملحق 1) وFree Sale Certificate · مراجعة الادعاءات/المكوّنات المُعلَّمة","واقي شمس: يدخل نطاق التجميل؛ ادعاء SPF يحتاج تقرير اختبار (غير موجود بالملفات)"
"LW-MK-501","Collagen Hydro Bomb Mask","true","CEELLO KOZMETİK VE KİMYA SANAYİ TİCARET A.Ş. (Afyonkarahisar)","EAN (باركود غير مقروء آلياً)","إقرار/تأكيد INCI النهائي مطابقاً للعبوة · ورقة المكوّنات الموقعة (CAS + أوزان) من R&D لملف التسجيل · تقارير الاختبار (الملحق 1) وFree Sale Certificate · مراجعة الادعاءات/المكوّنات المُعلَّمة","AHA: pH ≥ 3.5 للتجزئة وتحذيرات ملصق إلزامية (9.6) || تفتيح: اختبار Hydroquinone (يجب غيابه) ضمن تحاليل التسجيل (الملحق 1)"
"LW-TN-601","Rice Milk Toner","true","CEELLO KOZMETİK VE KİMYA SANAYİ TİCARET A.Ş. (Afyonkarahisar)","INCI · Batch/Exp · EAN (باركود غير مقروء آلياً)","إقرار/تأكيد INCI النهائي مطابقاً للعبوة · ورقة المكوّنات الموقعة (CAS + أوزان) من R&D لملف التسجيل · تقارير الاختبار (الملحق 1) وFree Sale Certificate · مراجعة الادعاءات/المكوّنات المُعلَّمة","AHA: pH ≥ 3.5 للتجزئة وتحذيرات ملصق إلزامية (9.6)"
"LW-SR-108","Rice Milk Serum","true","CEELLO KOZMETİK VE KİMYA SANAYİ TİCARET A.Ş. (Afyonkarahisar)","Batch/Exp · EAN (باركود غير مقروء آلياً)","إقرار/تأكيد INCI النهائي مطابقاً للعبوة · ورقة المكوّنات الموقعة (CAS + أوزان) من R&D لملف التسجيل · تقارير الاختبار (الملحق 1) وFree Sale Certificate · مراجعة الادعاءات/المكوّنات المُعلَّمة","AHA: pH ≥ 3.5 للتجزئة وتحذيرات ملصق إلزامية (9.6)"
"LW-CR-303","Rice Milk Spot Cream","true","CEELLO KOZMETİK VE KİMYA SANAYİ TİCARET A.Ş. (Afyonkarahisar)","INCI · Batch/Exp · EAN (باركود غير مقروء آلياً)","إقرار/تأكيد INCI النهائي مطابقاً للعبوة · ورقة المكوّنات الموقعة (CAS + أوزان) من R&D لملف التسجيل · تقارير الاختبار (الملحق 1) وFree Sale Certificate",""
"LW-HR-801","Rosemary Shampoo","true","THE CEEL KOZMETİK İÇ VE DIŞ TİCARET A.Ş. (İstanbul, Ataşehir)","INCI · EAN (باركود غير مقروء آلياً)","إقرار/تأكيد INCI النهائي مطابقاً للعبوة · ورقة المكوّنات الموقعة (CAS + أوزان) من R&D لملف التسجيل · تقارير الاختبار (الملحق 1) وFree Sale Certificate · مراجعة الادعاءات/المكوّنات المُعلَّمة","شعر: ادعاءات النمو/التساقط/الدوران خارج نطاق التجميل (5.2) — محجوبة"
"LW-HR-802","Pure Rosemary Water","true","THE CEEL KOZMETİK İÇ VE DIŞ TİCARET A.Ş. (İstanbul, Ataşehir)","INCI · EAN (باركود غير مقروء آلياً)","إقرار/تأكيد INCI النهائي مطابقاً للعبوة · ورقة المكوّنات الموقعة (CAS + أوزان) من R&D لملف التسجيل · تقارير الاختبار (الملحق 1) وFree Sale Certificate · مراجعة الادعاءات/المكوّنات المُعلَّمة","شعر: ادعاءات النمو/التساقط/الدوران خارج نطاق التجميل (5.2) — محجوبة"
"LW-HR-803","Rosemary Hair Oil","true","L B İÇ VE DIŞ TİCARET KOZMETİK A.Ş.","EAN (باركود غير مقروء آلياً)","إقرار/تأكيد INCI النهائي مطابقاً للعبوة · ورقة المكوّنات الموقعة (CAS + أوزان) من R&D لملف التسجيل · تقارير الاختبار (الملحق 1) وFree Sale Certificate · مراجعة الادعاءات/المكوّنات المُعلَّمة","شعر: ادعاءات النمو/التساقط/الدوران خارج نطاق التجميل (5.2) — محجوبة || Benzyl Nicotinate: مادة تحسّن الدورة الدموية → خارج النطاق (5.2: «مواد تحسّن microcirculation») — يتطلب إقرار المصنّع/البلدية"
"LW-MN-901","Beard Serum","false","","كل بيانات العبوة (النص محوّل لمنحنيات) · INCI · Batch/Exp · EAN (باركود غير مقروء آلياً)","إقرار/تأكيد INCI النهائي مطابقاً للعبوة · ورقة المكوّنات الموقعة (CAS + أوزان) من R&D لملف التسجيل · تقارير الاختبار (الملحق 1) وFree Sale Certificate",""
"LW-BD-701","Body Firming Gel","true","L B İÇ VE DIŞ TİCARET KOZMETİK A.Ş. (İstanbul, Kadıköy)","EAN (باركود غير مقروء آلياً)","إقرار/تأكيد INCI النهائي مطابقاً للعبوة · ورقة المكوّنات الموقعة (CAS + أوزان) من R&D لملف التسجيل · تقارير الاختبار (الملحق 1) وFree Sale Certificate",""
"LW-BD-703","Foot Care Cream","true","CEELLO KOZMETİK VE KİMYA SANAYİ TİCARET A.Ş. (Afyonkarahisar)","INCI · EAN (باركود غير مقروء آلياً)","إقرار/تأكيد INCI النهائي مطابقاً للعبوة · ورقة المكوّنات الموقعة (CAS + أوزان) من R&D لملف التسجيل · تقارير الاختبار (الملحق 1) وFree Sale Certificate",""